node,height,btc_gap,btc_spv_failed,da_gap,da_failed,attestation_failed,active_anchors,clean_peers,churn_rate,avg_tenure,peer_latency,approx_timestamp
engram-node01,3167,2,False,12,False,False,3,3,0,4533,0,1786813579.77714
engram-node01,3168,2,False,13,False,False,3,3,0,4534,0,1786813579.77714
engram-node01,3168,2,False,13,False,False,3,3,0,4534,0,1786813579.77714
engram-node01,3169,3,False,14,False,False,3,3,0,4536,0,1786813582.9048908
engram-node01,3170,3,False,15,False,False,3,3,0,4537,0,1786813582.9048908
engram-node01,3171,3,False,7,False,False,3,3,0,4539,0,1786813585.9688692
engram-node01,3172,3,False,8,False,False,3,3,0,4540,0,1786813585.9688692
engram-node01,3172,3,False,8,False,False,3,3,0,4540,0,1786813585.9688692
engram-node01,3173,3,False,9,False,False,3,3,0,4542,0,1786813588.998657
engram-node01,3174,3,False,10,False,False,3,3,0,4543,0,1786813588.998657
engram-node01,3175,3,False,11,False,False,3,3,0,4544,0,1786813588.998657
engram-node01,3176,3,False,12,False,False,3,3,0,4546,0,1786813592.0208452
engram-node01,3176,3,False,12,False,False,3,3,0,4546,0,1786813592.0208452
engram-node01,3177,3,False,13,False,False,3,3,0,4547,0,1786813592.0208452
engram-node01,3178,3,False,14,False,False,3,3,0,4548,0,1786813596.445282
engram-node01,3179,3,False,8,False,False,3,3,0,4549,0,1786813596.445282
engram-node01,3180,3,False,9,False,False,3,3,0,4551,0,1786813596.445282
engram-node01,3180,3,False,9,False,False,3,3,0,4551,0,1786813596.445282
engram-node01,3181,3,False,10,False,False,3,3,0,4552,0,1786813599.489869
engram-node01,3182,4,False,3,False,False,3,3,0,4572,159,1786813688.025221
engram-node01,3182,5,False,0,False,False,3,3,0,4589,159,1786813688.025221
engram-node01,3182,6,False,0,False,False,3,3,0,4608,159,1786813688.025221
engram-node01,3182,6,False,0,False,False,3,3,0,4611,159,1786813688.025221
engram-node01,3182,7,False,0,True,True,3,3,0,4624,139,1786813688.025221
engram-node01,3182,8,False,0,True,True,3,3,0,4639,139,1786813688.025221
engram-node01,3183,8,False,1,True,True,3,3,0,4647,139,1786813718.535139
engram-node01,3183,8,False,1,True,True,3,3,0,4649,139,1786813718.535139
engram-node01,3183,8,False,1,True,True,3,3,0,4670,139,1786813718.535139
engram-node01,3184,8,False,2,True,True,3,3,0,4673,171,1786813718.535139
engram-node01,3184,8,False,2,True,True,3,3,0,4675,171,1786813718.535139
engram-node01,3184,9,False,2,True,True,3,3,0,4677,171,1786813718.535139
engram-node01,3185,6,False,3,True,True,3,3,0,4678,171,1786813718.535139
engram-node01,3186,6,False,4,True,True,3,3,0,4680,171,1786813718.535139
engram-node01,3187,6,False,5,True,True,3,3,0,4681,171,1786813718.535139
engram-node01,3188,5,False,6,True,True,3,3,0,4683,171,1786813737.397792
engram-node01,3188,5,False,6,True,True,3,3,0,4683,171,1786813737.397792
engram-node01,3189,5,False,7,True,True,3,3,0,4685,171,1786813737.397792
engram-node01,3190,5,False,8,True,True,3,3,0,4686,171,1786813737.397792
engram-node01,3191,5,False,9,True,True,3,3,0,4689,171,1786813737.397792
engram-node01,3192,5,False,10,True,True,3,3,0,4690,171,1786813737.397792
engram-node01,3192,5,False,10,True,True,3,3,0,4690,171,1786813737.397792
engram-node01,3193,5,False,11,True,True,3,3,0,4692,171,1786813737.397792
engram-node01,3194,5,False,12,True,True,3,3,0,4693,171,1786813739.5100002
engram-node01,3195,5,False,13,True,True,3,3,0,4695,537,1786813741.5351229
engram-node01,3196,5,False,14,True,True,3,3,0,4696,537,1786813741.5351229
engram-node01,3196,5,False,14,True,True,3,3,0,4696,537,1786813741.5351229
engram-node01,3197,5,False,15,True,True,3,3,0,4697,537,1786813743.5937438
engram-node01,3198,5,False,16,True,True,3,3,0,4698,537,1786813745.632423
engram-node01,3199,5,False,17,True,True,3,3,0,4700,537,1786813745.632423
engram-node01,3200,5,False,18,True,True,3,3,0,4701,537,1786813747.948261
engram-node01,3200,5,False,18,True,True,3,3,0,4701,537,1786813747.948261
engram-node01,3201,6,False,19,True,True,3,3,0,4703,537,1786813747.948261
engram-node01,3202,6,False,20,True,True,3,3,0,4704,537,1786813749.9838378
engram-node01,3203,6,False,21,True,True,3,3,0,4705,537,1786813752.001667
engram-node01,3204,6,False,22,True,True,3,3,0,4706,537,1786813752.001667
engram-node01,3204,6,False,22,True,True,3,3,0,4706,537,1786813752.001667
engram-node01,3205,6,False,23,True,True,3,3,0,4708,537,1786813754.022437
engram-node01,3206,6,False,24,True,True,3,3,0,4709,537,1786813756.048736
engram-node01,3207,6,False,25,True,True,3,3,0,4710,537,1786813756.048736
engram-node01,3208,6,False,26,True,True,3,3,0,4712,537,1786813756.048736
engram-node01,3208,6,False,26,True,True,3,3,0,4712,537,1786813756.048736
engram-node01,3209,6,False,27,True,True,3,3,0,4713,537,1786813761.204949
engram-node01,3210,6,False,28,True,True,3,3,0,4714,537,1786813761.204949
engram-node01,3211,6,False,29,True,True,3,3,0,4716,537,1786813761.204949
engram-node01,3212,6,False,30,True,True,3,3,0,4717,537,1786813763.465586
engram-node01,3212,6,False,30,True,True,3,3,0,4717,537,1786813763.465586
engram-node01,3213,6,False,31,True,True,3,3,0,4719,537,1786813765.508332
engram-node01,3214,6,False,32,True,True,3,3,0,4720,537,1786813765.508332
engram-node01,3215,6,False,33,True,True,3,3,0,4721,537,1786813767.534546
engram-node01,3216,6,False,34,True,True,3,3,0,4722,537,1786813769.557371
engram-node01,3216,6,False,34,True,True,3,3,0,4722,537,1786813769.557371
engram-node01,3217,7,False,35,True,True,3,3,0,4725,537,1786813769.557371
engram-node01,3218,2,False,36,True,True,3,3,0,4726,537,1786813769.557371
engram-node01,3219,2,False,37,True,True,3,3,0,4728,537,1786813775.47138
engram-node01,3220,2,False,38,True,True,3,3,0,4729,537,1786813775.47138
engram-node01,3220,2,False,38,True,True,3,3,0,4729,537,1786813775.47138
engram-node01,3221,2,False,39,True,True,3,3,0,4731,537,1786813775.47138
engram-node01,3222,2,False,40,True,True,3,3,0,4732,537,1786813777.9193358
engram-node01,3223,2,False,41,True,True,3,3,0,4734,537,1786813779.94261
engram-node01,3224,2,False,42,True,True,3,3,0,4735,537,1786813779.94261
engram-node01,3224,2,False,42,True,True,3,3,0,4735,537,1786813779.94261
engram-node01,3225,2,False,43,True,True,3,3,0,4736,537,1786813781.962239
engram-node01,3226,2,False,44,True,True,3,3,0,4737,537,1786813783.9822028
engram-node01,3227,2,False,45,True,True,3,3,0,4739,537,1786813783.9822028
engram-node01,3228,2,False,46,True,True,3,3,0,4740,537,1786813786.007338
engram-node01,3228,2,False,46,True,True,3,3,0,4740,537,1786813786.007338
engram-node01,3229,2,False,47,True,True,3,3,0,4741,537,1786813788.036598
engram-node01,3230,3,False,48,True,True,3,3,0,4743,537,1786813788.036598
engram-node01,3231,3,False,49,True,True,3,3,0,4744,537,1786813790.0751622
engram-node01,3232,3,False,50,True,True,3,3,0,4745,537,1786813792.097593
engram-node01,3232,3,False,50,True,True,3,3,0,4745,537,1786813792.097593
engram-node01,3233,3,False,51,True,True,3,3,0,4746,537,1786813792.097593
engram-node01,3234,3,False,52,True,True,3,3,0,4748,537,1786813794.1203468
engram-node01,3235,3,False,53,True,True,3,3,0,4749,537,1786813794.1203468
engram-node01,3236,3,False,54,True,True,3,3,0,4750,537,1786813794.1203468
engram-node01,3236,3,False,54,True,True,3,3,0,4750,537,1786813794.1203468
engram-node01,3237,3,False,55,True,True,3,3,0,4752,537,1786813799.2470322
engram-node01,3238,3,False,56,True,True,3,3,0,4753,537,1786813799.2470322
engram-node01,3239,3,False,57,True,True,3,3,0,4754,537,1786813799.2470322
engram-node01,3240,3,False,58,True,True,3,3,0,4755,0,1786813801.2926779
engram-node01,3240,3,False,58,True,True,3,3,0,4755,0,1786813801.2926779
engram-node01,3241,3,False,59,True,True,3,3,0,4757,0,1786813803.308991
engram-node01,3242,3,False,60,True,True,3,3,0,4758,0,1786813803.308991
engram-node01,3243,3,False,61,True,True,3,3,0,4759,0,1786813805.340956
engram-node01,3244,3,False,62,True,True,3,3,0,4760,0,1786813807.364622
engram-node01,3244,3,False,62,True,True,3,3,0,4761,0,1786813807.364622
engram-node01,3245,3,False,63,True,True,3,3,0,4762,0,1786813807.364622
engram-node01,3246,4,False,64,True,True,3,3,0,4763,0,1786813810.7748501
engram-node01,3247,4,False,65,True,True,3,3,0,4764,0,1786813810.7748501
engram-node01,3248,4,False,66,True,True,3,3,0,4765,0,1786813810.7748501
engram-node01,3248,4,False,66,True,True,3,3,0,4765,0,1786813810.7748501
engram-node01,3249,4,False,67,True,True,3,3,0,4767,0,1786813812.856661
engram-node01,3250,4,False,68,True,True,3,3,0,4768,0,1786813814.887629
engram-node01,3251,4,False,69,True,True,3,3,0,4770,0,1786813814.887629
engram-node01,3252,4,False,70,True,True,3,3,0,4771,0,1786813816.923719
engram-node01,3252,4,False,70,True,True,3,3,0,4771,0,1786813816.923719
engram-node01,3253,4,False,71,True,True,3,3,0,4772,0,1786813818.954245
engram-node01,3254,4,False,72,True,True,3,3,0,4773,0,1786813818.954245
engram-node01,3255,4,False,73,True,True,3,3,0,4775,0,1786813820.973998
engram-node01,3256,4,False,74,True,True,3,3,0,4776,0,1786813820.973998
engram-node01,3256,4,False,74,True,True,3,3,0,4776,0,1786813820.973998
engram-node01,3257,4,False,75,True,True,3,3,0,4777,0,1786813823.00915
engram-node01,3258,4,False,76,True,True,3,3,0,4778,0,1786813825.0290618
engram-node01,3259,4,False,77,True,True,3,3,0,4780,0,1786813825.0290618
engram-node01,3260,4,False,78,True,True,3,3,0,4781,0,1786813827.052554
engram-node01,3260,4,False,78,True,True,3,3,0,4781,0,1786813827.052554
engram-node01,3261,4,False,79,True,True,3,3,0,4782,0,1786813829.0817668
engram-node01,3262,5,False,80,True,True,3,3,0,4786,0,1786813829.0817668
engram-node01,3263,2,False,81,True,True,3,3,0,4788,0,1786813836.095211
engram-node01,3264,2,False,82,True,True,3,3,0,4789,0,1786813836.095211
engram-node01,3264,2,False,82,True,True,3,3,0,4789,0,1786813836.095211
engram-node01,3265,2,False,83,True,True,3,3,0,4790,0,1786813836.095211
engram-node01,3266,2,False,84,True,True,3,3,0,4792,0,1786813838.170511
engram-node01,3267,2,False,85,True,True,3,3,0,4793,0,1786813838.170511
engram-node01,3268,2,False,86,True,True,3,3,0,4794,0,1786813840.202042
engram-node01,3268,2,False,86,True,True,3,3,0,4794,0,1786813840.202042
engram-node01,3269,2,False,87,True,True,3,3,0,4795,0,1786813842.222979
engram-node01,3270,2,False,88,True,True,3,3,0,4797,0,1786813842.222979
engram-node01,3271,2,False,89,True,True,3,3,0,4798,0,1786813844.255157
engram-node01,3272,2,False,90,True,True,3,3,0,4799,0,1786813844.255157
engram-node01,3272,2,False,90,True,True,3,3,0,4799,0,1786813844.255157
engram-node01,3273,2,False,91,True,True,3,3,0,4800,0,1786813848.362251
engram-node01,3274,2,False,92,True,True,3,3,0,4801,0,1786813848.362251
engram-node01,3275,2,False,93,True,True,3,3,0,4803,0,1786813848.362251
engram-node01,3276,3,False,94,True,True,3,3,0,4804,0,1786813851.419168
engram-node01,3276,3,False,94,True,True,3,3,0,4804,0,1786813851.419168
engram-node01,3277,3,False,95,True,True,3,3,0,4806,0,1786813851.419168
engram-node01,3278,3,False,96,True,True,3,3,0,4808,0,1786813854.6306932
engram-node01,3279,3,False,97,True,True,3,3,0,4809,0,1786813854.6306932
engram-node01,3280,3,False,98,True,True,3,3,0,4810,0,1786813854.6306932
engram-node01,3280,3,False,98,True,True,3,3,0,4810,0,1786813854.6306932
engram-node01,3281,3,False,99,True,True,3,3,0,4811,0,1786813857.65079
engram-node01,3282,3,False,100,True,True,3,3,0,4813,0,1786813857.65079
engram-node01,3283,3,False,101,True,True,3,3,0,4814,0,1786813860.668541
engram-node01,3284,3,False,102,True,True,3,3,0,4815,0,1786813860.668541
engram-node01,3284,3,False,102,True,True,3,3,0,4815,0,1786813860.668541
engram-node01,3285,3,False,103,True,True,3,3,0,4816,0,1786813863.697962
engram-node01,3286,3,False,104,True,True,3,3,0,4818,0,1786813863.697962
engram-node01,3287,3,False,105,True,True,3,3,0,4819,0,1786813863.697962
engram-node01,3288,3,False,106,True,True,3,3,0,4820,0,1786813866.716518
engram-node01,3288,3,False,106,True,True,3,3,0,4820,0,1786813866.716518
engram-node01,3289,3,False,107,True,True,3,3,0,4821,0,1786813866.716518
engram-node01,3290,4,False,108,True,True,3,3,0,4823,0,1786813869.747513
engram-node01,3291,4,False,109,True,True,3,3,0,4824,0,1786813869.747513
engram-node01,3292,4,False,110,True,True,3,3,0,4825,0,1786813872.766038
engram-node01,3292,4,False,110,True,True,3,3,0,4825,0,1786813872.766038
engram-node01,3293,4,False,111,True,True,3,3,0,4827,0,1786813872.766038
engram-node01,3294,4,False,112,True,True,3,3,0,4828,0,1786813872.766038
engram-node01,3295,4,False,113,True,True,3,3,0,4829,0,1786813875.7909582
engram-node01,3296,4,False,114,True,True,3,3,0,4830,0,1786813875.7909582
engram-node01,3296,4,False,114,True,True,3,3,0,4830,0,1786813875.7909582
engram-node01,3297,4,False,115,True,True,3,3,0,4832,0,1786813875.7909582
engram-node01,3298,4,False,116,True,True,3,3,0,4833,0,1786813880.5842109
engram-node01,3299,4,False,117,True,True,3,3,0,4834,0,1786813880.5842109
engram-node01,3300,4,False,118,True,True,3,3,0,4835,0,1786813880.5842109
engram-node01,3300,4,False,118,True,True,3,3,0,4835,0,1786813880.5842109
engram-node01,3301,4,False,119,True,True,3,3,0,4837,0,1786813883.6161249
engram-node01,3302,4,False,120,True,True,3,3,0,4838,0,1786813883.6161249
engram-node01,3303,4,False,121,True,True,3,3,0,4839,0,1786813886.63516
engram-node01,3304,4,False,122,True,True,3,3,0,4840,0,1786813886.63516
engram-node01,3304,4,False,122,True,True,3,3,0,4840,0,1786813886.63516
engram-node01,3305,4,False,123,True,True,3,3,0,4842,0,1786813889.649961
engram-node01,3306,5,False,124,True,True,3,3,0,4844,0,1786813889.649961
engram-node01,3307,2,False,125,True,True,3,3,0,4846,0,1786813893.1776462
engram-node01,3308,2,False,3,False,False,3,3,0,4847,0,1786813893.1776462
engram-node01,3308,2,False,3,False,False,3,3,0,4847,0,1786813893.1776462
engram-node01,3309,2,False,4,False,False,3,3,0,4848,0,1786813893.1776462
engram-node01,3310,2,False,5,False,False,3,3,0,4850,0,1786813896.205943
engram-node01,3311,2,False,6,False,False,3,3,0,4851,0,1786813896.205943
engram-node01,3312,2,False,7,False,False,3,3,0,4852,68,1786813899.24063
engram-node01,3312,2,False,7,False,False,3,3,0,4852,68,1786813899.24063
engram-node01,3313,2,False,8,False,False,3,3,0,4854,145,1786813899.24063
engram-node01,3314,2,False,9,False,False,3,3,0,4855,145,1786813902.294045
engram-node01,3315,2,False,7,False,False,3,3,0,4856,145,1786813902.294045
engram-node01,3316,2,False,8,False,False,3,3,0,4858,145,1786813902.294045
engram-node01,3316,2,False,8,False,False,3,3,0,4858,145,1786813902.294045
engram-node01,3317,2,False,9,False,False,3,3,0,4859,145,1786813905.340768
engram-node01,3318,2,False,10,False,False,3,3,0,4860,145,1786813905.340768
engram-node01,3319,2,False,11,False,False,3,3,0,4862,145,1786813908.3684201
engram-node01,3320,2,False,12,False,False,3,3,0,4863,145,1786813908.3684201
engram-node01,3320,2,False,12,False,False,3,3,0,4863,145,1786813908.3684201
engram-node01,3321,3,False,13,False,False,3,3,0,4864,145,1786813911.395777
engram-node01,3322,3,False,14,False,False,3,3,0,4865,145,1786813911.395777
engram-node02,3167,2,False,12,False,False,3,3,0,4533,0,1786813579.817036
engram-node02,3167,2,False,12,False,False,3,3,0,4533,0,1786813579.817036
engram-node02,3168,2,False,13,False,False,3,3,0,4535,0,1786813579.817036
engram-node02,3169,3,False,14,False,False,3,3,0,4536,0,1786813582.914017
engram-node02,3170,3,False,15,False,False,3,3,0,4537,0,1786813582.914017
engram-node02,3171,3,False,7,False,False,3,3,0,4538,0,1786813585.979824
engram-node02,3171,3,False,7,False,False,3,3,0,4538,0,1786813585.979824
engram-node02,3172,3,False,8,False,False,3,3,0,4540,0,1786813585.979824
engram-node02,3173,3,False,9,False,False,3,3,0,4542,0,1786813589.0047119
engram-node02,3174,3,False,10,False,False,3,3,0,4543,0,1786813589.0047119
engram-node02,3175,3,False,11,False,False,3,3,0,4544,0,1786813589.0047119
engram-node02,3175,3,False,11,False,False,3,3,0,4544,0,1786813589.0047119
engram-node02,3176,3,False,12,False,False,3,3,0,4546,0,1786813592.0297222
engram-node02,3177,3,False,13,False,False,3,3,0,4547,0,1786813592.0297222
engram-node02,3178,3,False,7,False,False,3,3,0,4548,0,1786813596.45429
engram-node02,3179,3,False,8,False,False,3,3,0,4549,0,1786813596.45429
engram-node02,3179,3,False,8,False,False,3,3,0,4549,0,1786813596.45429
engram-node02,3180,3,False,9,False,False,3,3,0,4551,0,1786813596.45429
engram-node02,3181,3,False,10,False,False,3,3,0,4552,0,1786813599.4957151
engram-node02,3182,4,False,4,False,False,3,3,0,4564,61,1786813684.998476
engram-node02,3182,4,False,4,False,False,3,3,0,4567,61,1786813684.998476
engram-node02,3182,5,False,0,False,False,3,3,0,4589,61,1786813684.998476
engram-node02,3182,5,False,0,False,False,3,3,0,4598,61,1786813684.998476
engram-node02,3182,5,False,0,False,False,3,3,0,4601,61,1786813684.998476
engram-node02,3182,7,False,0,True,True,3,3,0,4624,72,1786813684.998476
engram-node02,3182,8,False,0,True,True,3,3,0,4639,72,1786813684.998476
engram-node02,3183,8,False,1,True,True,3,3,0,4642,72,1786813718.8017159
engram-node02,3183,8,False,1,True,True,3,3,0,4645,72,1786813718.8017159
engram-node02,3183,8,False,1,True,True,3,3,0,4666,72,1786813718.8017159
engram-node02,3183,8,False,1,True,True,3,3,0,4668,72,1786813718.8017159
engram-node02,3184,9,False,2,True,True,3,3,0,4677,79,1786813718.8017159
engram-node02,3185,6,False,3,True,True,3,3,0,4678,79,1786813718.8017159
engram-node02,3186,6,False,4,True,True,3,3,0,4680,79,1786813718.8017159
engram-node02,3187,6,False,5,True,True,3,3,0,4681,79,1786813718.8017159
engram-node02,3187,6,False,5,True,True,3,3,0,4681,79,1786813718.8017159
engram-node02,3188,5,False,6,True,True,3,3,0,4683,79,1786813737.447795
engram-node02,3189,5,False,7,True,True,3,3,0,4685,79,1786813737.447795
engram-node02,3190,5,False,8,True,True,3,3,0,4686,79,1786813737.447795
engram-node02,3191,5,False,9,True,True,3,3,0,4688,79,1786813737.447795
engram-node02,3191,5,False,9,True,True,3,3,0,4688,79,1786813737.447795
engram-node02,3192,5,False,10,True,True,3,3,0,4690,79,1786813737.447795
engram-node02,3193,5,False,11,True,True,3,3,0,4692,79,1786813737.447795
engram-node02,3194,5,False,12,True,True,3,3,0,4693,79,1786813739.5177238
engram-node02,3195,5,False,13,True,True,3,3,0,4695,79,1786813741.548616
engram-node02,3195,5,False,13,True,True,3,3,0,4695,79,1786813741.548616
engram-node02,3196,5,False,14,True,True,3,3,0,4696,79,1786813741.548616
engram-node02,3197,5,False,15,True,True,3,3,0,4697,79,1786813743.601846
engram-node02,3198,5,False,16,True,True,3,3,0,4698,79,1786813745.895018
engram-node02,3199,5,False,17,True,True,3,3,0,4700,79,1786813745.895018
engram-node02,3199,5,False,17,True,True,3,3,0,4700,79,1786813745.895018
engram-node02,3200,5,False,18,True,True,3,3,0,4701,79,1786813747.9605582
engram-node02,3201,6,False,19,True,True,3,3,0,4703,79,1786813747.9605582
engram-node02,3202,6,False,20,True,True,3,3,0,4704,79,1786813749.988849
engram-node02,3203,6,False,21,True,True,3,3,0,4705,79,1786813752.006089
engram-node02,3203,6,False,21,True,True,3,3,0,4705,79,1786813752.006089
engram-node02,3204,6,False,22,True,True,3,3,0,4706,79,1786813752.006089
engram-node02,3205,6,False,23,True,True,3,3,0,4708,79,1786813754.0304158
engram-node02,3206,6,False,24,True,True,3,3,0,4709,79,1786813756.054473
engram-node02,3207,6,False,25,True,True,3,3,0,4710,79,1786813756.054473
engram-node02,3207,6,False,25,True,True,3,3,0,4710,79,1786813756.054473
engram-node02,3208,6,False,26,True,True,3,3,0,4712,79,1786813756.054473
engram-node02,3209,6,False,27,True,True,3,3,0,4713,79,1786813761.22526
engram-node02,3210,6,False,28,True,True,3,3,0,4714,79,1786813761.22526
engram-node02,3211,6,False,29,True,True,3,3,0,4716,79,1786813761.22526
engram-node02,3211,6,False,29,True,True,3,3,0,4716,79,1786813761.22526
engram-node02,3212,6,False,30,True,True,3,3,0,4717,79,1786813763.475301
engram-node02,3213,6,False,31,True,True,3,3,0,4719,79,1786813765.5195131
engram-node02,3214,6,False,32,True,True,3,3,0,4720,79,1786813765.5195131
engram-node02,3215,6,False,33,True,True,3,3,0,4721,79,1786813767.539343
engram-node02,3215,6,False,33,True,True,3,3,0,4721,79,1786813767.539343
engram-node02,3216,6,False,34,True,True,3,3,0,4722,79,1786813770.477639
engram-node02,3217,7,False,35,True,True,3,3,0,4725,79,1786813770.477639
engram-node02,3218,2,False,36,True,True,3,3,0,4726,79,1786813770.477639
engram-node02,3219,2,False,37,True,True,3,3,0,4727,79,1786813775.6046238
engram-node02,3219,2,False,37,True,True,3,3,0,4728,79,1786813775.6046238
engram-node02,3220,2,False,38,True,True,3,3,0,4729,79,1786813775.6046238
engram-node02,3221,2,False,39,True,True,3,3,0,4731,79,1786813775.6046238
engram-node02,3222,2,False,40,True,True,3,3,0,4732,79,1786813777.9243069
engram-node02,3223,2,False,41,True,True,3,3,0,4733,0,1786813779.9469619
engram-node02,3223,2,False,41,True,True,3,3,0,4733,0,1786813779.9469619
engram-node02,3224,2,False,42,True,True,3,3,0,4735,0,1786813779.9469619
engram-node02,3225,2,False,43,True,True,3,3,0,4736,0,1786813781.967668
engram-node02,3226,2,False,44,True,True,3,3,0,4737,0,1786813783.989287
engram-node02,3227,2,False,45,True,True,3,3,0,4739,0,1786813783.989287
engram-node02,3227,2,False,45,True,True,3,3,0,4739,0,1786813783.989287
engram-node02,3228,2,False,46,True,True,3,3,0,4740,0,1786813786.0150452
engram-node02,3229,2,False,47,True,True,3,3,0,4741,0,1786813788.045996
engram-node02,3230,3,False,48,True,True,3,3,0,4743,0,1786813788.045996
engram-node02,3231,3,False,49,True,True,3,3,0,4744,0,1786813790.082185
engram-node02,3231,3,False,49,True,True,3,3,0,4744,0,1786813790.082185
engram-node02,3232,3,False,50,True,True,3,3,0,4745,0,1786813792.102879
engram-node02,3233,3,False,51,True,True,3,3,0,4746,0,1786813792.102879
engram-node02,3234,3,False,52,True,True,3,3,0,4748,0,1786813794.129726
engram-node02,3235,3,False,53,True,True,3,3,0,4749,0,1786813794.129726
engram-node02,3235,3,False,53,True,True,3,3,0,4749,0,1786813794.129726
engram-node02,3236,3,False,54,True,True,3,3,0,4750,0,1786813794.129726
engram-node02,3237,3,False,55,True,True,3,3,0,4752,0,1786813799.2650518
engram-node02,3238,3,False,56,True,True,3,3,0,4753,0,1786813799.2650518
engram-node02,3239,3,False,57,True,True,3,3,0,4754,0,1786813799.2650518
engram-node02,3239,3,False,57,True,True,3,3,0,4754,0,1786813799.2650518
engram-node02,3240,3,False,58,True,True,3,3,0,4755,1,1786813801.2972019
engram-node02,3241,3,False,59,True,True,3,3,0,4757,1,1786813803.3181062
engram-node02,3242,3,False,60,True,True,3,3,0,4758,1,1786813803.3181062
engram-node02,3243,3,False,61,True,True,3,3,0,4759,1,1786813805.3468869
engram-node02,3243,3,False,61,True,True,3,3,0,4759,1,1786813805.3468869
engram-node02,3244,3,False,62,True,True,3,3,0,4761,1,1786813807.373719
engram-node02,3245,3,False,63,True,True,3,3,0,4762,1,1786813807.373719
engram-node02,3246,4,False,64,True,True,3,3,0,4763,1,1786813810.7861388
engram-node02,3247,4,False,65,True,True,3,3,0,4764,1,1786813810.7861388
engram-node02,3247,4,False,65,True,True,3,3,0,4764,1,1786813810.7861388
engram-node02,3248,4,False,66,True,True,3,3,0,4765,1,1786813810.7861388
engram-node02,3249,4,False,67,True,True,3,3,0,4767,1,1786813812.863622
engram-node02,3250,4,False,68,True,True,3,3,0,4768,1,1786813814.8996758
engram-node02,3251,4,False,69,True,True,3,3,0,4769,1,1786813814.8996758
engram-node02,3251,4,False,69,True,True,3,3,0,4769,1,1786813814.8996758
engram-node02,3252,4,False,70,True,True,3,3,0,4771,1,1786813816.933978
engram-node02,3253,4,False,71,True,True,3,3,0,4772,1,1786813818.958435
engram-node02,3254,4,False,72,True,True,3,3,0,4773,1,1786813818.958435
engram-node02,3255,4,False,73,True,True,3,3,0,4774,1,1786813820.9844291
engram-node02,3255,4,False,73,True,True,3,3,0,4774,1,1786813820.9844291
engram-node02,3256,4,False,74,True,True,3,3,0,4776,1,1786813820.9844291
engram-node02,3257,4,False,75,True,True,3,3,0,4777,1,1786813823.01421
engram-node02,3258,4,False,76,True,True,3,3,0,4778,1,1786813825.035027
engram-node02,3259,4,False,77,True,True,3,3,0,4780,1,1786813825.035027
engram-node02,3259,4,False,77,True,True,3,3,0,4780,1,1786813825.035027
engram-node02,3260,4,False,78,True,True,3,3,0,4781,1,1786813827.0595572
engram-node02,3261,4,False,79,True,True,3,3,0,4782,1,1786813829.3166919
engram-node02,3262,5,False,80,True,True,3,3,0,4786,1,1786813829.3166919
engram-node02,3263,2,False,81,True,True,3,3,0,4788,1,1786813836.1098182
engram-node02,3263,2,False,81,True,True,3,3,0,4788,1,1786813836.1098182
engram-node02,3264,2,False,82,True,True,3,3,0,4789,1,1786813836.1098182
engram-node02,3265,2,False,83,True,True,3,3,0,4790,1,1786813836.1098182
engram-node02,3266,2,False,84,True,True,3,3,0,4792,1,1786813838.1796422
engram-node02,3267,2,False,85,True,True,3,3,0,4793,1,1786813838.1796422
engram-node02,3267,2,False,85,True,True,3,3,0,4793,1,1786813838.1796422
engram-node02,3268,2,False,86,True,True,3,3,0,4794,1,1786813840.208807
engram-node02,3269,2,False,87,True,True,3,3,0,4795,1,1786813842.23921
engram-node02,3270,2,False,88,True,True,3,3,0,4797,1,1786813842.23921
engram-node02,3271,2,False,89,True,True,3,3,0,4798,1,1786813844.263814
engram-node02,3271,2,False,89,True,True,3,3,0,4798,1,1786813844.263814
engram-node02,3272,2,False,90,True,True,3,3,0,4799,1,1786813844.263814
engram-node02,3273,2,False,91,True,True,3,3,0,4800,1,1786813848.3838248
engram-node02,3274,2,False,92,True,True,3,3,0,4801,1,1786813848.3838248
engram-node02,3275,2,False,93,True,True,3,3,0,4803,1,1786813848.3838248
engram-node02,3275,2,False,93,True,True,3,3,0,4803,1,1786813848.3838248
engram-node02,3276,3,False,94,True,True,3,3,0,4805,1,1786813851.480021
engram-node02,3277,3,False,95,True,True,3,3,0,4806,1,1786813851.480021
engram-node02,3278,3,False,96,True,True,3,3,0,4807,1,1786813854.636287
engram-node02,3279,3,False,97,True,True,3,3,0,4809,1,1786813854.636287
engram-node02,3279,3,False,97,True,True,3,3,0,4809,1,1786813854.636287
engram-node02,3280,3,False,98,True,True,3,3,0,4810,1,1786813854.636287
engram-node02,3281,3,False,99,True,True,3,3,0,4811,1,1786813857.656469
engram-node02,3282,3,False,100,True,True,3,3,0,4812,1,1786813857.656469
engram-node02,3283,3,False,101,True,True,3,3,0,4814,1,1786813860.6806982
engram-node02,3283,3,False,101,True,True,3,3,0,4814,1,1786813860.6806982
engram-node02,3284,3,False,102,True,True,3,3,0,4815,1,1786813860.6806982
engram-node02,3285,3,False,103,True,True,3,3,0,4816,1,1786813863.703912
engram-node02,3286,3,False,104,True,True,3,3,0,4818,1,1786813863.703912
engram-node02,3287,3,False,105,True,True,3,3,0,4819,1,1786813863.703912
engram-node02,3287,3,False,105,True,True,3,3,0,4819,1,1786813863.703912
engram-node02,3288,3,False,106,True,True,3,3,0,4820,1,1786813866.7260108
engram-node02,3289,3,False,107,True,True,3,3,0,4821,1,1786813866.7260108
engram-node02,3290,3,False,108,True,True,3,3,0,4823,1,1786813869.752438
engram-node02,3291,4,False,109,True,True,3,3,0,4824,1,1786813869.752438
engram-node02,3291,4,False,109,True,True,3,3,0,4824,1,1786813869.752438
engram-node02,3292,4,False,110,True,True,3,3,0,4825,1,1786813872.771212
engram-node02,3293,4,False,111,True,True,3,3,0,4826,1,1786813872.771212
engram-node02,3294,4,False,112,True,True,3,3,0,4828,1,1786813872.771212
engram-node02,3295,4,False,113,True,True,3,3,0,4829,1,1786813875.803544
engram-node02,3295,4,False,113,True,True,3,3,0,4829,1,1786813875.803544
engram-node02,3296,4,False,114,True,True,3,3,0,4830,1,1786813875.803544
engram-node02,3297,4,False,115,True,True,3,3,0,4832,1,1786813875.803544
engram-node02,3298,4,False,116,True,True,3,3,0,4833,1,1786813880.593003
engram-node02,3299,4,False,117,True,True,3,3,0,4834,1,1786813880.593003
engram-node02,3299,4,False,117,True,True,3,3,0,4834,1,1786813880.593003
engram-node02,3300,4,False,118,True,True,3,3,0,4835,1,1786813880.593003
engram-node02,3301,4,False,119,True,True,3,3,0,4837,1,1786813883.623183
engram-node02,3302,4,False,120,True,True,3,3,0,4838,1,1786813883.623183
engram-node02,3303,4,False,121,True,True,3,3,0,4839,1,1786813886.639495
engram-node02,3303,4,False,121,True,True,3,3,0,4839,1,1786813886.639495
engram-node02,3304,4,False,122,True,True,3,3,0,4840,1,1786813886.639495
engram-node02,3305,4,False,123,True,True,3,3,0,4842,1,1786813890.16003
engram-node02,3306,5,False,124,True,True,3,3,0,4844,1,1786813890.16003
engram-node02,3307,2,False,125,True,True,3,3,0,4846,1,1786813893.1848772
engram-node02,3307,2,False,125,True,True,3,3,0,4846,1,1786813893.1848772
engram-node02,3308,2,False,3,False,False,3,3,0,4847,1,1786813893.1848772
engram-node02,3309,2,False,4,False,False,3,3,0,4848,1,1786813893.1848772
engram-node02,3310,2,False,5,False,False,3,3,0,4850,1,1786813896.217309
engram-node02,3311,2,False,6,False,False,3,3,0,4851,1,1786813896.217309
engram-node02,3311,2,False,6,False,False,3,3,0,4851,1,1786813896.217309
engram-node02,3312,2,False,7,False,False,3,3,0,4852,69,1786813899.245604
engram-node02,3313,2,False,8,False,False,3,3,0,4854,69,1786813899.245604
engram-node02,3314,2,False,9,False,False,3,3,0,4855,69,1786813902.3098218
engram-node02,3315,2,False,10,False,False,3,3,0,4856,69,1786813902.3098218
engram-node02,3315,2,False,7,False,False,3,3,0,4856,69,1786813902.3098218
engram-node02,3316,2,False,8,False,False,3,3,0,4858,69,1786813902.3098218
engram-node02,3317,2,False,9,False,False,3,3,0,4859,69,1786813905.348259
engram-node02,3318,2,False,10,False,False,3,3,0,4860,69,1786813905.348259
engram-node02,3319,2,False,11,False,False,3,3,0,4861,69,1786813908.377342
engram-node02,3319,2,False,11,False,False,3,3,0,4862,69,1786813908.377342
engram-node02,3320,2,False,12,False,False,3,3,0,4863,69,1786813908.377342
engram-node02,3321,3,False,13,False,False,3,3,0,4864,69,1786813911.400872
engram-node02,3322,3,False,14,False,False,3,3,0,4865,69,1786813911.400872
engram-node03,3167,2,False,11,False,False,3,3,0,4533,0,1786813579.8366778
engram-node03,3168,2,False,12,False,False,3,3,0,4535,0,1786813579.8366778
engram-node03,3169,3,False,13,False,False,3,3,0,4536,0,1786813582.924099
engram-node03,3170,3,False,14,False,False,3,3,0,4537,0,1786813582.924099
engram-node03,3170,3,False,14,False,False,3,3,0,4537,0,1786813582.924099
engram-node03,3171,3,False,9,False,False,3,3,0,4538,0,1786813585.985916
engram-node03,3172,3,False,10,False,False,3,3,0,4540,0,1786813585.985916
engram-node03,3173,3,False,11,False,False,3,3,0,4542,0,1786813589.0081332
engram-node03,3174,3,False,12,False,False,3,3,0,4543,0,1786813589.0081332
engram-node03,3174,3,False,12,False,False,3,3,0,4543,0,1786813589.0081332
engram-node03,3175,3,False,13,False,False,3,3,0,4544,0,1786813589.0081332
engram-node03,3176,3,False,14,False,False,3,3,0,4546,0,1786813592.034681
engram-node03,3177,3,False,15,False,False,3,3,0,4547,0,1786813592.034681
engram-node03,3178,3,False,16,False,False,3,3,0,4548,0,1786813596.467197
engram-node03,3178,3,False,16,False,False,3,3,0,4548,0,1786813596.467197
engram-node03,3179,3,False,8,False,False,3,3,0,4549,0,1786813596.467197
engram-node03,3180,3,False,9,False,False,3,3,0,4551,0,1786813596.467197
engram-node03,3181,3,False,10,False,False,3,3,0,4552,0,1786813599.502516
engram-node03,3182,3,False,11,False,False,3,3,0,4556,140,1786813685.006111
engram-node03,3182,4,False,3,False,False,3,3,0,4561,140,1786813685.006111
engram-node03,3182,8,False,0,False,False,3,3,0,4584,140,1786813685.006111
engram-node03,3182,8,False,0,False,False,3,3,0,4586,140,1786813685.006111
engram-node03,3182,8,False,0,True,True,3,3,0,4621,156,1786813685.006111
engram-node03,3182,8,False,0,True,True,3,3,0,4635,156,1786813685.006111
engram-node03,3182,8,False,0,True,True,3,3,0,4637,156,1786813685.006111
engram-node03,3183,8,False,1,True,True,3,3,0,4659,156,1786813718.809984
engram-node03,3183,8,False,1,True,True,3,3,0,4661,156,1786813718.809984
engram-node03,3183,8,False,1,True,True,3,3,0,4670,156,1786813718.809984
engram-node03,3184,9,False,2,True,True,3,3,0,4677,140,1786813718.809984
engram-node03,3185,6,False,3,True,True,3,3,0,4679,140,1786813718.809984
engram-node03,3186,6,False,4,True,True,3,3,0,4680,140,1786813718.809984
engram-node03,3186,6,False,4,True,True,3,3,0,4680,140,1786813718.809984
engram-node03,3187,6,False,5,True,True,3,3,0,4681,140,1786813718.809984
engram-node03,3188,5,False,6,True,True,3,3,0,4683,140,1786813737.4878762
engram-node03,3189,5,False,7,True,True,3,3,0,4685,140,1786813737.4878762
engram-node03,3190,5,False,8,True,True,3,3,0,4686,140,1786813737.4878762
engram-node03,3190,5,False,8,True,True,3,3,0,4686,140,1786813737.4878762
engram-node03,3191,5,False,9,True,True,3,3,0,4689,140,1786813737.4878762
engram-node03,3192,5,False,10,True,True,3,3,0,4690,140,1786813737.4878762
engram-node03,3193,5,False,11,True,True,3,3,0,4692,140,1786813737.4878762
engram-node03,3194,5,False,12,True,True,3,3,0,4693,140,1786813739.523842
engram-node03,3194,5,False,12,True,True,3,3,0,4693,140,1786813739.523842
engram-node03,3195,5,False,13,True,True,3,3,0,4695,140,1786813741.5641549
engram-node03,3196,5,False,14,True,True,3,3,0,4696,140,1786813741.5641549
engram-node03,3197,5,False,15,True,True,3,3,0,4697,140,1786813743.609907
engram-node03,3198,5,False,16,True,True,3,3,0,4698,140,1786813745.910945
engram-node03,3198,5,False,16,True,True,3,3,0,4698,140,1786813745.910945
engram-node03,3199,5,False,17,True,True,3,3,0,4700,140,1786813745.910945
engram-node03,3200,5,False,18,True,True,3,3,0,4701,140,1786813747.968113
engram-node03,3201,6,False,19,True,True,3,3,0,4703,140,1786813747.968113
engram-node03,3202,6,False,20,True,True,3,3,0,4704,140,1786813749.9923468
engram-node03,3202,6,False,20,True,True,3,3,0,4704,140,1786813749.9923468
engram-node03,3203,6,False,21,True,True,3,3,0,4705,140,1786813752.010228
engram-node03,3204,6,False,22,True,True,3,3,0,4707,140,1786813752.010228
engram-node03,3205,6,False,23,True,True,3,3,0,4708,140,1786813754.0357099
engram-node03,3206,6,False,24,True,True,3,3,0,4709,140,1786813756.058944
engram-node03,3206,6,False,24,True,True,3,3,0,4709,140,1786813756.058944
engram-node03,3207,6,False,25,True,True,3,3,0,4710,140,1786813756.058944
engram-node03,3208,6,False,26,True,True,3,3,0,4712,140,1786813756.058944
engram-node03,3209,6,False,27,True,True,3,3,0,4713,140,1786813761.434494
engram-node03,3210,6,False,28,True,True,3,3,0,4714,140,1786813761.434494
engram-node03,3210,6,False,28,True,True,3,3,0,4714,140,1786813761.434494
engram-node03,3211,6,False,29,True,True,3,3,0,4716,140,1786813761.434494
engram-node03,3212,6,False,30,True,True,3,3,0,4717,140,1786813763.483971
engram-node03,3213,6,False,31,True,True,3,3,0,4719,140,1786813765.523826
engram-node03,3214,6,False,32,True,True,3,3,0,4720,140,1786813765.523826
engram-node03,3214,6,False,32,True,True,3,3,0,4720,140,1786813765.523826
engram-node03,3215,6,False,33,True,True,3,3,0,4721,140,1786813767.54427
engram-node03,3216,6,False,34,True,True,3,3,0,4722,140,1786813770.482668
engram-node03,3217,7,False,35,True,True,3,3,0,4725,140,1786813770.482668
engram-node03,3218,2,False,36,True,True,3,3,0,4726,140,1786813770.482668
engram-node03,3218,2,False,36,True,True,3,3,0,4726,140,1786813770.482668
engram-node03,3219,2,False,37,True,True,3,3,0,4728,140,1786813775.622247
engram-node03,3220,2,False,38,True,True,3,3,0,4729,140,1786813775.622247
engram-node03,3221,2,False,39,True,True,3,3,0,4731,140,1786813775.622247
engram-node03,3222,2,False,40,True,True,3,3,0,4732,140,1786813777.93023
engram-node03,3222,2,False,40,True,True,3,3,0,4732,140,1786813777.93023
engram-node03,3223,2,False,41,True,True,3,3,0,4734,0,1786813779.955112
engram-node03,3224,2,False,42,True,True,3,3,0,4735,0,1786813779.955112
engram-node03,3225,2,False,43,True,True,3,3,0,4736,0,1786813781.973422
engram-node03,3226,2,False,44,True,True,3,3,0,4737,0,1786813783.9952798
engram-node03,3226,2,False,44,True,True,3,3,0,4737,0,1786813783.9952798
engram-node03,3227,2,False,45,True,True,3,3,0,4739,0,1786813783.9952798
engram-node03,3228,2,False,46,True,True,3,3,0,4740,0,1786813786.0210078
engram-node03,3229,2,False,47,True,True,3,3,0,4741,0,1786813788.053751
engram-node03,3230,2,False,48,True,True,3,3,0,4742,0,1786813788.053751
engram-node03,3230,2,False,48,True,True,3,3,0,4742,0,1786813788.053751
engram-node03,3231,3,False,49,True,True,3,3,0,4744,0,1786813790.087091
engram-node03,3232,3,False,50,True,True,3,3,0,4745,0,1786813792.1064398
engram-node03,3233,3,False,51,True,True,3,3,0,4746,0,1786813792.1064398
engram-node03,3234,3,False,52,True,True,3,3,0,4748,0,1786813794.1376572
engram-node03,3234,3,False,52,True,True,3,3,0,4748,0,1786813794.1376572
engram-node03,3235,3,False,53,True,True,3,3,0,4749,0,1786813794.1376572
engram-node03,3236,3,False,54,True,True,3,3,0,4750,0,1786813794.1376572
engram-node03,3237,3,False,55,True,True,3,3,0,4752,0,1786813799.273269
engram-node03,3238,3,False,56,True,True,3,3,0,4753,0,1786813799.273269
engram-node03,3238,3,False,56,True,True,3,3,0,4753,0,1786813799.273269
engram-node03,3239,3,False,57,True,True,3,3,0,4754,0,1786813799.273269
engram-node03,3240,3,False,58,True,True,3,3,0,4755,0,1786813801.301302
engram-node03,3241,3,False,59,True,True,3,3,0,4757,0,1786813803.327504
engram-node03,3242,3,False,60,True,True,3,3,0,4758,0,1786813803.327504
engram-node03,3242,3,False,60,True,True,3,3,0,4758,0,1786813803.327504
engram-node03,3243,3,False,61,True,True,3,3,0,4759,0,1786813805.35133
engram-node03,3244,3,False,62,True,True,3,3,0,4761,0,1786813807.3827891
engram-node03,3245,3,False,63,True,True,3,3,0,4762,0,1786813807.3827891
engram-node03,3246,4,False,64,True,True,3,3,0,4763,0,1786813810.808091
engram-node03,3246,4,False,64,True,True,3,3,0,4763,0,1786813810.808091
engram-node03,3247,4,False,65,True,True,3,3,0,4764,0,1786813810.808091
engram-node03,3248,4,False,66,True,True,3,3,0,4765,0,1786813810.808091
engram-node03,3249,4,False,67,True,True,3,3,0,4767,0,1786813812.871069
engram-node03,3250,4,False,68,True,True,3,3,0,4768,0,1786813814.9065049
engram-node03,3250,4,False,68,True,True,3,3,0,4768,0,1786813814.9065049
engram-node03,3251,4,False,69,True,True,3,3,0,4770,0,1786813814.9065049
engram-node03,3252,4,False,70,True,True,3,3,0,4771,0,1786813816.942407
engram-node03,3253,4,False,71,True,True,3,3,0,4772,0,1786813818.962178
engram-node03,3254,4,False,72,True,True,3,3,0,4773,0,1786813818.962178
engram-node03,3254,4,False,72,True,True,3,3,0,4773,0,1786813818.962178
engram-node03,3255,4,False,73,True,True,3,3,0,4775,0,1786813820.992686
engram-node03,3256,4,False,74,True,True,3,3,0,4776,0,1786813820.992686
engram-node03,3257,4,False,75,True,True,3,3,0,4777,0,1786813823.0175722
engram-node03,3258,4,False,76,True,True,3,3,0,4778,0,1786813825.0410419
engram-node03,3258,4,False,76,True,True,3,3,0,4778,0,1786813825.0410419
engram-node03,3259,4,False,77,True,True,3,3,0,4780,0,1786813825.0410419
engram-node03,3260,4,False,78,True,True,3,3,0,4781,0,1786813827.062796
engram-node03,3261,4,False,79,True,True,3,3,0,4782,0,1786813829.357027
engram-node03,3262,5,False,80,True,True,3,3,0,4784,0,1786813829.357027
engram-node03,3262,5,False,80,True,True,3,3,0,4785,0,1786813829.357027
engram-node03,3263,2,False,81,True,True,3,3,0,4788,0,1786813836.142495
engram-node03,3264,2,False,82,True,True,3,3,0,4789,0,1786813836.142495
engram-node03,3265,2,False,83,True,True,3,3,0,4790,0,1786813836.142495
engram-node03,3266,2,False,84,True,True,3,3,0,4792,0,1786813838.187249
engram-node03,3266,2,False,84,True,True,3,3,0,4792,0,1786813838.187249
engram-node03,3267,2,False,85,True,True,3,3,0,4793,1,1786813838.187249
engram-node03,3268,2,False,86,True,True,3,3,0,4794,1,1786813840.2141
engram-node03,3269,2,False,87,True,True,3,3,0,4795,1,1786813842.246439
engram-node03,3270,2,False,88,True,True,3,3,0,4797,1,1786813842.246439
engram-node03,3270,2,False,88,True,True,3,3,0,4797,1,1786813842.246439
engram-node03,3271,2,False,89,True,True,3,3,0,4798,1,1786813844.269679
engram-node03,3272,2,False,90,True,True,3,3,0,4799,1,1786813844.269679
engram-node03,3273,2,False,91,True,True,3,3,0,4800,1,1786813848.39586
engram-node03,3274,2,False,92,True,True,3,3,0,4801,1,1786813848.39586
engram-node03,3274,2,False,92,True,True,3,3,0,4801,1,1786813848.39586
engram-node03,3275,2,False,93,True,True,3,3,0,4803,1,1786813848.39586
engram-node03,3276,3,False,94,True,True,3,3,0,4805,1,1786813851.500602
engram-node03,3277,3,False,95,True,True,3,3,0,4806,1,1786813851.500602
engram-node03,3278,3,False,96,True,True,3,3,0,4807,1,1786813854.640922
engram-node03,3278,3,False,96,True,True,3,3,0,4807,1,1786813854.640922
engram-node03,3279,3,False,97,True,True,3,3,0,4809,1,1786813854.640922
engram-node03,3280,3,False,98,True,True,3,3,0,4810,1,1786813854.640922
engram-node03,3281,3,False,99,True,True,3,3,0,4811,1,1786813857.660222
engram-node03,3282,3,False,100,True,True,3,3,0,4812,1,1786813857.660222
engram-node03,3282,3,False,100,True,True,3,3,0,4812,1,1786813857.660222
engram-node03,3283,3,False,101,True,True,3,3,0,4814,1,1786813860.686507
engram-node03,3284,3,False,102,True,True,3,3,0,4815,45,1786813860.686507
engram-node03,3285,3,False,103,True,True,3,3,0,4816,45,1786813863.70812
engram-node03,3286,3,False,104,True,True,3,3,0,4818,45,1786813863.70812
engram-node03,3286,3,False,104,True,True,3,3,0,4818,45,1786813863.70812
engram-node03,3287,3,False,105,True,True,3,3,0,4819,45,1786813863.70812
engram-node03,3288,3,False,106,True,True,3,3,0,4820,45,1786813866.7324421
engram-node03,3289,3,False,107,True,True,3,3,0,4822,45,1786813866.7324421
engram-node03,3290,3,False,108,True,True,3,3,0,4823,45,1786813869.756669
engram-node03,3290,3,False,108,True,True,3,3,0,4823,45,1786813869.756669
engram-node03,3291,4,False,109,True,True,3,3,0,4824,45,1786813869.756669
engram-node03,3292,4,False,110,True,True,3,3,0,4825,45,1786813872.7756429
engram-node03,3293,4,False,111,True,True,3,3,0,4827,45,1786813872.7756429
engram-node03,3294,4,False,112,True,True,3,3,0,4828,45,1786813872.7756429
engram-node03,3294,4,False,112,True,True,3,3,0,4828,45,1786813872.7756429
engram-node03,3295,4,False,113,True,True,3,3,0,4829,45,1786813875.8118699
engram-node03,3296,4,False,114,True,True,3,3,0,4830,45,1786813875.8118699
engram-node03,3297,4,False,115,True,True,3,3,0,4832,45,1786813875.8118699
engram-node03,3298,4,False,116,True,True,3,3,0,4833,45,1786813880.6013901
engram-node03,3298,4,False,116,True,True,3,3,0,4833,45,1786813880.6013901
engram-node03,3299,4,False,117,True,True,3,3,0,4834,45,1786813880.6013901
engram-node03,3300,4,False,118,True,True,3,3,0,4835,45,1786813880.6013901
engram-node03,3301,4,False,119,True,True,3,3,0,4837,45,1786813883.627658
engram-node03,3302,4,False,120,True,True,3,3,0,4838,45,1786813883.627658
engram-node03,3302,4,False,120,True,True,3,3,0,4838,45,1786813883.627658
engram-node03,3303,4,False,121,True,True,3,3,0,4839,45,1786813886.642547
engram-node03,3304,4,False,122,True,True,3,3,0,4840,45,1786813886.642547
engram-node03,3305,4,False,123,True,True,3,3,0,4842,45,1786813890.1651158
engram-node03,3306,4,False,124,True,True,3,3,0,4843,45,1786813890.1651158
engram-node03,3306,5,False,124,True,True,3,3,0,4843,45,1786813890.1651158
engram-node03,3307,2,False,125,True,True,3,3,0,4846,45,1786813893.190807
engram-node03,3308,2,False,3,False,False,3,3,0,4847,45,1786813893.190807
engram-node03,3309,2,False,4,False,False,3,3,0,4848,45,1786813893.190807
engram-node03,3310,2,False,5,False,False,3,3,0,4850,45,1786813896.2254238
engram-node03,3310,2,False,5,False,False,3,3,0,4850,45,1786813896.2254238
engram-node03,3311,2,False,6,False,False,3,3,0,4851,45,1786813896.2254238
engram-node03,3312,2,False,7,False,False,3,3,0,4852,162,1786813899.249728
engram-node03,3313,2,False,8,False,False,3,3,0,4854,162,1786813899.249728
engram-node03,3314,2,False,9,False,False,3,3,0,4855,162,1786813902.318846
engram-node03,3314,2,False,9,False,False,3,3,0,4855,162,1786813902.318846
engram-node03,3315,2,False,7,False,False,3,3,0,4856,162,1786813902.318846
engram-node03,3316,2,False,8,False,False,3,3,0,4858,162,1786813902.318846
engram-node03,3317,2,False,9,False,False,3,3,0,4859,162,1786813905.35357
engram-node03,3318,2,False,10,False,False,3,3,0,4860,162,1786813905.35357
engram-node03,3318,2,False,10,False,False,3,3,0,4860,162,1786813905.35357
engram-node03,3319,2,False,11,False,False,3,3,0,4862,162,1786813908.381315
engram-node03,3320,2,False,12,False,False,3,3,0,4863,162,1786813908.381315
engram-node03,3321,3,False,13,False,False,3,3,0,4864,162,1786813911.404574
engram-node03,3322,3,False,14,False,False,3,3,0,4865,162,1786813911.404574
engram-node03,3322,3,False,14,False,False,3,3,0,4865,162,1786813911.404574
engram-node04,3167,2,False,11,False,False,3,3,0,4158,1,1786813579.8917592
engram-node04,3168,2,False,12,False,False,3,3,0,4160,1,1786813579.8917592
engram-node04,3169,3,False,13,False,False,3,3,0,4161,1,1786813582.9492931
engram-node04,3169,3,False,13,False,False,3,3,0,4161,1,1786813582.9492931
engram-node04,3170,3,False,7,False,False,3,3,0,4162,1,1786813582.9492931
engram-node04,3171,3,False,8,False,False,3,3,0,4164,1,1786813585.991531
engram-node04,3172,3,False,9,False,False,3,3,0,4166,1,1786813585.991531
engram-node04,3173,3,False,10,False,False,3,3,0,4167,1,1786813589.011786
engram-node04,3173,3,False,10,False,False,3,3,0,4167,1,1786813589.011786
engram-node04,3174,3,False,11,False,False,3,3,0,4168,1,1786813589.011786
engram-node04,3175,3,False,12,False,False,3,3,0,4170,1,1786813589.011786
engram-node04,3176,3,False,13,False,False,3,3,0,4171,1,1786813592.038932
engram-node04,3177,3,False,14,False,False,3,3,0,4172,1,1786813592.038932
engram-node04,3177,3,False,14,False,False,3,3,0,4172,1,1786813592.038932
engram-node04,3178,3,False,15,False,False,3,3,0,4173,1,1786813596.474945
engram-node04,3179,3,False,9,False,False,3,3,0,4175,1,1786813596.474945
engram-node04,3180,3,False,10,False,False,3,3,0,4176,1,1786813596.474945
engram-node04,3181,3,False,11,False,False,3,3,0,4177,1,1786813601.9090931
engram-node04,3181,3,False,11,False,False,3,3,0,4177,1,1786813601.9090931
engram-node04,3182,4,False,3,False,False,3,3,0,4203,38,1786813685.0136268
engram-node04,3182,5,False,0,False,False,3,3,0,4208,38,1786813685.0136268
engram-node04,3182,8,False,0,False,False,3,3,0,4214,38,1786813685.0136268
engram-node04,3182,8,False,0,True,True,3,3,0,4242,38,1786813685.0136268
engram-node04,3182,8,False,0,True,True,3,3,0,4244,38,1786813685.0136268
engram-node04,3182,8,False,0,True,True,3,3,0,4264,40,1786813685.0136268
engram-node04,3183,8,False,1,True,True,3,3,0,4277,40,1786813718.8220701
engram-node04,3183,8,False,1,True,True,3,3,0,4279,40,1786813718.8220701
engram-node04,3183,8,False,1,True,True,3,3,0,4295,40,1786813718.8220701
engram-node04,3184,9,False,2,True,True,3,3,0,4301,40,1786813718.8220701
engram-node04,3184,9,False,2,True,True,3,3,0,4301,40,1786813718.8220701
engram-node04,3185,6,False,3,True,True,3,3,0,4304,40,1786813718.8220701
engram-node04,3185,6,False,3,True,True,3,3,0,4304,40,1786813718.8220701
engram-node04,3186,6,False,4,True,True,3,3,0,4305,40,1786813718.8220701
engram-node04,3187,6,False,5,True,True,3,3,0,4307,40,1786813718.8220701
engram-node04,3188,5,False,6,True,True,3,3,0,4308,40,1786813737.4968
engram-node04,3189,5,False,7,True,True,3,3,0,4310,40,1786813737.4968
engram-node04,3189,5,False,7,True,True,3,3,0,4310,40,1786813737.4968
engram-node04,3190,5,False,8,True,True,3,3,0,4311,40,1786813737.4968
engram-node04,3191,5,False,9,True,True,3,3,0,4314,40,1786813737.4968
engram-node04,3192,5,False,10,True,True,3,3,0,4315,40,1786813737.4968
engram-node04,3193,5,False,11,True,True,3,3,0,4317,40,1786813737.4968
engram-node04,3193,5,False,11,True,True,3,3,0,4317,40,1786813737.4968
engram-node04,3194,5,False,12,True,True,3,3,0,4319,40,1786813739.5275478
engram-node04,3195,5,False,13,True,True,3,3,0,4320,539,1786813741.574792
engram-node04,3196,5,False,14,True,True,3,3,0,4321,539,1786813741.574792
engram-node04,3197,5,False,15,True,True,3,3,0,4323,539,1786813743.615915
engram-node04,3197,5,False,15,True,True,3,3,0,4323,539,1786813743.615915
engram-node04,3198,5,False,16,True,True,3,3,0,4324,539,1786813745.926412
engram-node04,3199,5,False,17,True,True,3,3,0,4325,539,1786813745.926412
engram-node04,3200,5,False,18,True,True,3,3,0,4327,539,1786813747.974537
engram-node04,3201,6,False,19,True,True,3,3,0,4328,539,1786813747.974537
engram-node04,3201,6,False,19,True,True,3,3,0,4328,539,1786813747.974537
engram-node04,3202,6,False,20,True,True,3,3,0,4329,539,1786813749.995758
engram-node04,3203,6,False,21,True,True,3,3,0,4331,539,1786813752.0138
engram-node04,3204,6,False,22,True,True,3,3,0,4332,539,1786813752.0138
engram-node04,3205,6,False,23,True,True,3,3,0,4333,539,1786813754.040404
engram-node04,3205,6,False,23,True,True,3,3,0,4333,539,1786813754.040404
engram-node04,3206,6,False,24,True,True,3,3,0,4334,539,1786813756.063346
engram-node04,3207,6,False,25,True,True,3,3,0,4336,539,1786813756.063346
engram-node04,3208,6,False,26,True,True,3,3,0,4337,539,1786813756.063346
engram-node04,3209,6,False,27,True,True,3,3,0,4338,539,1786813761.45558
engram-node04,3209,6,False,27,True,True,3,3,0,4338,539,1786813761.45558
engram-node04,3210,6,False,28,True,True,3,3,0,4340,539,1786813761.45558
engram-node04,3211,6,False,29,True,True,3,3,0,4341,539,1786813761.45558
engram-node04,3212,6,False,30,True,True,3,3,0,4343,539,1786813763.494427
engram-node04,3213,6,False,31,True,True,3,3,0,4344,539,1786813765.5278661
engram-node04,3213,6,False,31,True,True,3,3,0,4344,539,1786813765.5278661
engram-node04,3214,6,False,32,True,True,3,3,0,4345,539,1786813765.5278661
engram-node04,3215,6,False,33,True,True,3,3,0,4346,539,1786813767.5487008
engram-node04,3216,6,False,34,True,True,3,3,0,4348,539,1786813770.488703
engram-node04,3217,7,False,35,True,True,3,3,0,4349,539,1786813770.488703
engram-node04,3217,7,False,35,True,True,3,3,0,4349,539,1786813770.488703
engram-node04,3218,2,False,36,True,True,3,3,0,4352,539,1786813770.488703
engram-node04,3219,2,False,37,True,True,3,3,0,4353,539,1786813775.6566179
engram-node04,3220,2,False,38,True,True,3,3,0,4354,539,1786813775.6566179
engram-node04,3221,2,False,39,True,True,3,3,0,4356,539,1786813775.6566179
engram-node04,3221,2,False,39,True,True,3,3,0,4356,539,1786813775.6566179
engram-node04,3222,2,False,40,True,True,3,3,0,4357,539,1786813777.934471
engram-node04,3223,2,False,41,True,True,3,3,0,4359,539,1786813779.958411
engram-node04,3224,2,False,42,True,True,3,3,0,4360,539,1786813779.958411
engram-node04,3225,2,False,43,True,True,3,3,0,4361,539,1786813781.97711
engram-node04,3225,2,False,43,True,True,3,3,0,4361,539,1786813781.97711
engram-node04,3226,2,False,44,True,True,3,3,0,4363,539,1786813783.999756
engram-node04,3227,2,False,45,True,True,3,3,0,4364,539,1786813783.999756
engram-node04,3228,2,False,46,True,True,3,3,0,4365,539,1786813786.026612
engram-node04,3229,2,False,47,True,True,3,3,0,4366,539,1786813788.063187
engram-node04,3229,2,False,47,True,True,3,3,0,4366,539,1786813788.063187
engram-node04,3230,3,False,48,True,True,3,3,0,4368,539,1786813788.063187
engram-node04,3231,3,False,49,True,True,3,3,0,4369,539,1786813790.091313
engram-node04,3232,3,False,50,True,True,3,3,0,4370,539,1786813792.110996
engram-node04,3233,3,False,51,True,True,3,3,0,4372,539,1786813792.110996
engram-node04,3233,3,False,51,True,True,3,3,0,4372,539,1786813792.110996
engram-node04,3234,3,False,52,True,True,3,3,0,4373,539,1786813794.143511
engram-node04,3235,3,False,53,True,True,3,3,0,4374,539,1786813794.143511
engram-node04,3236,3,False,54,True,True,3,3,0,4376,539,1786813794.143511
engram-node04,3237,3,False,55,True,True,3,3,0,4377,539,1786813799.2808042
engram-node04,3237,3,False,55,True,True,3,3,0,4377,539,1786813799.2808042
engram-node04,3238,3,False,56,True,True,3,3,0,4378,539,1786813799.2808042
engram-node04,3239,3,False,57,True,True,3,3,0,4380,539,1786813799.2808042
engram-node04,3240,3,False,58,True,True,3,3,0,4381,8,1786813801.3046882
engram-node04,3241,3,False,59,True,True,3,3,0,4382,8,1786813803.33451
engram-node04,3241,3,False,59,True,True,3,3,0,4382,8,1786813803.33451
engram-node04,3242,3,False,60,True,True,3,3,0,4383,8,1786813803.33451
engram-node04,3243,3,False,61,True,True,3,3,0,4385,8,1786813805.355554
engram-node04,3244,3,False,62,True,True,3,3,0,4386,8,1786813807.393952
engram-node04,3245,3,False,63,True,True,3,3,0,4387,8,1786813807.393952
engram-node04,3245,3,False,63,True,True,3,3,0,4387,8,1786813807.393952
engram-node04,3246,4,False,64,True,True,3,3,0,4388,8,1786813810.84246
engram-node04,3247,4,False,65,True,True,3,3,0,4390,8,1786813810.84246
engram-node04,3248,4,False,66,True,True,3,3,0,4391,8,1786813810.84246
engram-node04,3249,4,False,67,True,True,3,3,0,4392,8,1786813812.877436
engram-node04,3249,4,False,67,True,True,3,3,0,4392,8,1786813812.877436
engram-node04,3250,4,False,68,True,True,3,3,0,4394,8,1786813814.91365
engram-node04,3251,4,False,69,True,True,3,3,0,4395,8,1786813814.91365
engram-node04,3252,4,False,70,True,True,3,3,0,4396,8,1786813816.948477
engram-node04,3253,4,False,71,True,True,3,3,0,4397,8,1786813818.965931
engram-node04,3253,4,False,71,True,True,3,3,0,4397,8,1786813818.965931
engram-node04,3254,4,False,72,True,True,3,3,0,4399,8,1786813818.965931
engram-node04,3255,4,False,73,True,True,3,3,0,4400,8,1786813820.9988759
engram-node04,3256,4,False,74,True,True,3,3,0,4401,8,1786813820.9988759
engram-node04,3257,4,False,75,True,True,3,3,0,4402,8,1786813823.02094
engram-node04,3257,4,False,75,True,True,3,3,0,4402,8,1786813823.02094
engram-node04,3258,4,False,76,True,True,3,3,0,4404,8,1786813825.046412
engram-node04,3259,4,False,77,True,True,3,3,0,4405,8,1786813825.046412
engram-node04,3260,4,False,78,True,True,3,3,0,4406,8,1786813827.0656068
engram-node04,3261,4,False,79,True,True,3,3,0,4407,8,1786813829.9047308
engram-node04,3261,4,False,79,True,True,3,3,0,4407,8,1786813829.9047308
engram-node04,3262,5,False,80,True,True,3,3,0,4412,8,1786813829.9047308
engram-node04,3263,2,False,81,True,True,3,3,0,4413,8,1786813836.151406
engram-node04,3264,2,False,82,True,True,3,3,0,4414,8,1786813836.151406
engram-node04,3265,2,False,83,True,True,3,3,0,4416,8,1786813836.151406
engram-node04,3265,2,False,83,True,True,3,3,0,4416,8,1786813836.151406
engram-node04,3266,2,False,84,True,True,3,3,0,4417,8,1786813838.192139
engram-node04,3267,2,False,85,True,True,3,3,0,4418,8,1786813838.192139
engram-node04,3268,2,False,86,True,True,3,3,0,4420,8,1786813840.218234
engram-node04,3269,2,False,87,True,True,3,3,0,4421,8,1786813842.249888
engram-node04,3269,2,False,87,True,True,3,3,0,4421,8,1786813842.249888
engram-node04,3270,2,False,88,True,True,3,3,0,4422,8,1786813842.249888
engram-node04,3271,2,False,89,True,True,3,3,0,4423,8,1786813844.274647
engram-node04,3272,2,False,90,True,True,3,3,0,4424,8,1786813844.274647
engram-node04,3273,2,False,91,True,True,3,3,0,4426,8,1786813848.405219
engram-node04,3273,2,False,91,True,True,3,3,0,4426,8,1786813848.405219
engram-node04,3274,2,False,92,True,True,3,3,0,4427,8,1786813848.405219
engram-node04,3275,2,False,93,True,True,3,3,0,4428,8,1786813848.405219
engram-node04,3276,3,False,94,True,True,3,3,0,4430,8,1786813851.5673249
engram-node04,3277,3,False,95,True,True,3,3,0,4431,8,1786813851.5673249
engram-node04,3277,3,False,95,True,True,3,3,0,4431,8,1786813851.5673249
engram-node04,3278,3,False,96,True,True,3,3,0,4433,8,1786813854.6445749
engram-node04,3279,3,False,97,True,True,3,3,0,4434,8,1786813854.6445749
engram-node04,3280,3,False,98,True,True,3,3,0,4435,8,1786813854.6445749
engram-node04,3281,3,False,99,True,True,3,3,0,4436,8,1786813857.66352
engram-node04,3281,3,False,99,True,True,3,3,0,4436,8,1786813857.66352
engram-node04,3282,3,False,100,True,True,3,3,0,4438,8,1786813857.66352
engram-node04,3283,3,False,101,True,True,3,3,0,4439,8,1786813860.6908438
engram-node04,3284,3,False,102,True,True,3,3,0,4440,37,1786813860.6908438
engram-node04,3285,3,False,103,True,True,3,3,0,4442,37,1786813863.712637
engram-node04,3285,3,False,103,True,True,3,3,0,4442,37,1786813863.712637
engram-node04,3286,3,False,104,True,True,3,3,0,4443,37,1786813863.712637
engram-node04,3287,3,False,105,True,True,3,3,0,4444,37,1786813863.712637
engram-node04,3288,3,False,106,True,True,3,3,0,4446,37,1786813866.7383869
engram-node04,3289,3,False,107,True,True,3,3,0,4447,37,1786813866.7383869
engram-node04,3289,3,False,107,True,True,3,3,0,4447,37,1786813866.7383869
engram-node04,3290,3,False,108,True,True,3,3,0,4448,37,1786813869.761188
engram-node04,3291,4,False,109,True,True,3,3,0,4449,37,1786813869.761188
engram-node04,3292,4,False,110,True,True,3,3,0,4451,37,1786813872.780846
engram-node04,3293,4,False,111,True,True,3,3,0,4452,37,1786813872.780846
engram-node04,3293,4,False,111,True,True,3,3,0,4452,37,1786813872.780846
engram-node04,3294,4,False,112,True,True,3,3,0,4453,37,1786813872.780846
engram-node04,3295,4,False,113,True,True,3,3,0,4454,37,1786813875.817193
engram-node04,3296,4,False,114,True,True,3,3,0,4456,37,1786813875.817193
engram-node04,3297,4,False,115,True,True,3,3,0,4457,37,1786813875.817193
engram-node04,3297,4,False,115,True,True,3,3,0,4457,37,1786813875.817193
engram-node04,3298,4,False,116,True,True,3,3,0,4458,37,1786813880.6082659
engram-node04,3299,4,False,117,True,True,3,3,0,4460,37,1786813880.6082659
engram-node04,3300,4,False,118,True,True,3,3,0,4461,37,1786813880.6082659
engram-node04,3301,4,False,119,True,True,3,3,0,4462,37,1786813883.631614
engram-node04,3301,4,False,119,True,True,3,3,0,4462,37,1786813883.631614
engram-node04,3302,4,False,120,True,True,3,3,0,4463,37,1786813883.631614
engram-node04,3303,4,False,121,True,True,3,3,0,4464,37,1786813886.6458628
engram-node04,3304,4,False,122,True,True,3,3,0,4466,37,1786813886.6458628
engram-node04,3305,4,False,123,True,True,3,3,0,4467,37,1786813890.1689012
engram-node04,3305,4,False,123,True,True,3,3,0,4467,37,1786813890.1689012
engram-node04,3306,5,False,124,True,True,3,3,0,4470,37,1786813890.1689012
engram-node04,3307,2,False,2,False,False,3,3,0,4471,37,1786813893.198962
engram-node04,3308,2,False,3,False,False,3,3,0,4472,37,1786813893.198962
engram-node04,3309,2,False,4,False,False,3,3,0,4474,37,1786813893.198962
engram-node04,3309,2,False,4,False,False,3,3,0,4474,37,1786813893.198962
engram-node04,3310,2,False,5,False,False,3,3,0,4475,37,1786813896.23223
engram-node04,3311,2,False,6,False,False,3,3,0,4476,37,1786813896.23223
engram-node04,3312,2,False,7,False,False,3,3,0,4478,37,1786813899.2556942
engram-node04,3313,2,False,8,False,False,3,3,0,4479,37,1786813899.2556942
engram-node04,3313,2,False,8,False,False,3,3,0,4479,37,1786813899.2556942
engram-node04,3314,2,False,9,False,False,3,3,0,4480,37,1786813902.327765
engram-node04,3315,2,False,10,False,False,3,3,0,4482,37,1786813902.327765
engram-node04,3316,2,False,11,False,False,3,3,0,4483,37,1786813902.327765
engram-node04,3317,2,False,10,False,False,3,3,0,4484,37,1786813905.358558
engram-node04,3317,2,False,10,False,False,3,3,0,4484,37,1786813905.358558
engram-node04,3318,2,False,11,False,False,3,3,0,4486,37,1786813905.358558
engram-node04,3319,2,False,12,False,False,3,3,0,4487,37,1786813908.385431
engram-node04,3320,2,False,13,False,False,3,3,0,4488,37,1786813908.385431
engram-node04,3321,3,False,14,False,False,3,3,0,4489,37,1786813911.407852
engram-node04,3321,3,False,14,False,False,3,3,0,4489,37,1786813911.407852
engram-node04,3322,3,False,15,False,False,3,3,0,4491,37,1786813911.407852
