timestamp,node,height,app_hash,catching_up,fsm_state,safe_blocks,suspicious_duration,reanchoring_proof_valid,error
1786087027.947238,engram-node01,337,F3C05878D48A6E67266D69C7741DBA1903730E6CF4795CF07768467AEECEE632,False,SOVEREIGN,0,0,False,
1786087027.986971,engram-node02,337,F3C05878D48A6E67266D69C7741DBA1903730E6CF4795CF07768467AEECEE632,False,SOVEREIGN,0,0,False,
1786087027.9919949,engram-node03,337,F3C05878D48A6E67266D69C7741DBA1903730E6CF4795CF07768467AEECEE632,False,SOVEREIGN,0,0,False,
1786087027.9949381,engram-node04,337,F3C05878D48A6E67266D69C7741DBA1903730E6CF4795CF07768467AEECEE632,False,SOVEREIGN,0,0,False,
1786087033.0065532,engram-node01,337,F3C05878D48A6E67266D69C7741DBA1903730E6CF4795CF07768467AEECEE632,False,SOVEREIGN,0,0,False,
1786087033.01129,engram-node02,337,F3C05878D48A6E67266D69C7741DBA1903730E6CF4795CF07768467AEECEE632,False,SOVEREIGN,0,0,False,
1786087033.014855,engram-node03,337,F3C05878D48A6E67266D69C7741DBA1903730E6CF4795CF07768467AEECEE632,False,SOVEREIGN,0,0,False,
1786087033.018738,engram-node04,337,F3C05878D48A6E67266D69C7741DBA1903730E6CF4795CF07768467AEECEE632,False,SOVEREIGN,0,0,False,
1786087038.032244,engram-node01,338,218BCDCB6CE79FE9F387E2D0E1A44DB50528F155B80D5DEC5F9B847442EC87E8,False,SOVEREIGN,0,0,False,
1786087038.04074,engram-node02,338,218BCDCB6CE79FE9F387E2D0E1A44DB50528F155B80D5DEC5F9B847442EC87E8,False,SOVEREIGN,0,0,False,
1786087038.046653,engram-node03,338,218BCDCB6CE79FE9F387E2D0E1A44DB50528F155B80D5DEC5F9B847442EC87E8,False,SOVEREIGN,0,0,False,
1786087038.0514612,engram-node04,338,218BCDCB6CE79FE9F387E2D0E1A44DB50528F155B80D5DEC5F9B847442EC87E8,False,SOVEREIGN,0,0,False,
1786087043.06268,engram-node01,338,218BCDCB6CE79FE9F387E2D0E1A44DB50528F155B80D5DEC5F9B847442EC87E8,False,SOVEREIGN,0,0,False,
1786087043.067904,engram-node02,338,218BCDCB6CE79FE9F387E2D0E1A44DB50528F155B80D5DEC5F9B847442EC87E8,False,SOVEREIGN,0,0,False,
1786087043.0714839,engram-node03,338,218BCDCB6CE79FE9F387E2D0E1A44DB50528F155B80D5DEC5F9B847442EC87E8,False,SOVEREIGN,0,0,False,
1786087043.074371,engram-node04,338,218BCDCB6CE79FE9F387E2D0E1A44DB50528F155B80D5DEC5F9B847442EC87E8,False,SOVEREIGN,0,0,False,
1786087048.084508,engram-node01,338,218BCDCB6CE79FE9F387E2D0E1A44DB50528F155B80D5DEC5F9B847442EC87E8,False,SOVEREIGN,0,0,False,
1786087048.094102,engram-node02,338,218BCDCB6CE79FE9F387E2D0E1A44DB50528F155B80D5DEC5F9B847442EC87E8,False,SOVEREIGN,0,0,False,
1786087048.10115,engram-node03,338,218BCDCB6CE79FE9F387E2D0E1A44DB50528F155B80D5DEC5F9B847442EC87E8,False,SOVEREIGN,0,0,False,
1786087048.107847,engram-node04,338,218BCDCB6CE79FE9F387E2D0E1A44DB50528F155B80D5DEC5F9B847442EC87E8,False,SOVEREIGN,0,0,False,
1786087053.115575,engram-node01,339,670EAAF25B0AB6DE6F7AF448882927F28B320ABE010D61E52E17A403ED7F1638,False,SOVEREIGN,0,0,False,
1786087053.122408,engram-node02,339,670EAAF25B0AB6DE6F7AF448882927F28B320ABE010D61E52E17A403ED7F1638,False,SOVEREIGN,0,0,False,
1786087053.127167,engram-node03,339,670EAAF25B0AB6DE6F7AF448882927F28B320ABE010D61E52E17A403ED7F1638,False,SOVEREIGN,0,0,False,
1786087053.1306088,engram-node04,339,670EAAF25B0AB6DE6F7AF448882927F28B320ABE010D61E52E17A403ED7F1638,False,SOVEREIGN,0,0,False,
1786087058.143829,engram-node01,339,670EAAF25B0AB6DE6F7AF448882927F28B320ABE010D61E52E17A403ED7F1638,False,SOVEREIGN,0,0,False,
1786087058.155066,engram-node02,339,670EAAF25B0AB6DE6F7AF448882927F28B320ABE010D61E52E17A403ED7F1638,False,SOVEREIGN,0,0,False,
1786087058.16094,engram-node03,339,670EAAF25B0AB6DE6F7AF448882927F28B320ABE010D61E52E17A403ED7F1638,False,SOVEREIGN,0,0,False,
1786087058.165647,engram-node04,339,670EAAF25B0AB6DE6F7AF448882927F28B320ABE010D61E52E17A403ED7F1638,False,SOVEREIGN,0,0,False,
1786087063.1703308,engram-node01,340,92C64AC0E4CBA10A45776F2F14F0F9C26DF34FA77506755D28847DF2C43B899D,False,SOVEREIGN,0,0,False,
1786087063.1774259,engram-node02,340,92C64AC0E4CBA10A45776F2F14F0F9C26DF34FA77506755D28847DF2C43B899D,False,SOVEREIGN,0,0,False,
1786087063.183164,engram-node03,340,92C64AC0E4CBA10A45776F2F14F0F9C26DF34FA77506755D28847DF2C43B899D,False,SOVEREIGN,0,0,False,
1786087063.189325,engram-node04,340,92C64AC0E4CBA10A45776F2F14F0F9C26DF34FA77506755D28847DF2C43B899D,False,SOVEREIGN,0,0,False,
1786087068.2003682,engram-node01,340,92C64AC0E4CBA10A45776F2F14F0F9C26DF34FA77506755D28847DF2C43B899D,False,SOVEREIGN,0,0,False,
1786087068.210936,engram-node02,340,92C64AC0E4CBA10A45776F2F14F0F9C26DF34FA77506755D28847DF2C43B899D,False,SOVEREIGN,0,0,False,
1786087068.216835,engram-node03,340,92C64AC0E4CBA10A45776F2F14F0F9C26DF34FA77506755D28847DF2C43B899D,False,SOVEREIGN,0,0,False,
1786087068.2214332,engram-node04,340,92C64AC0E4CBA10A45776F2F14F0F9C26DF34FA77506755D28847DF2C43B899D,False,SOVEREIGN,0,0,False,
1786087073.235001,engram-node01,341,F3DA6C1A72721D397094A173986C0D65E155C4B3E1AC252F2E34FCBB8D0F2FFB,False,SOVEREIGN,0,0,False,
1786087073.244747,engram-node02,341,F3DA6C1A72721D397094A173986C0D65E155C4B3E1AC252F2E34FCBB8D0F2FFB,False,SOVEREIGN,0,0,False,
1786087073.250083,engram-node03,341,F3DA6C1A72721D397094A173986C0D65E155C4B3E1AC252F2E34FCBB8D0F2FFB,False,SOVEREIGN,0,0,False,
1786087073.255219,engram-node04,341,F3DA6C1A72721D397094A173986C0D65E155C4B3E1AC252F2E34FCBB8D0F2FFB,False,SOVEREIGN,0,0,False,
1786087078.2647529,engram-node01,341,F3DA6C1A72721D397094A173986C0D65E155C4B3E1AC252F2E34FCBB8D0F2FFB,False,SOVEREIGN,0,0,False,
1786087078.275745,engram-node02,341,F3DA6C1A72721D397094A173986C0D65E155C4B3E1AC252F2E34FCBB8D0F2FFB,False,SOVEREIGN,0,0,False,
1786087078.289521,engram-node03,341,F3DA6C1A72721D397094A173986C0D65E155C4B3E1AC252F2E34FCBB8D0F2FFB,False,SOVEREIGN,0,0,False,
1786087078.293195,engram-node04,341,F3DA6C1A72721D397094A173986C0D65E155C4B3E1AC252F2E34FCBB8D0F2FFB,False,SOVEREIGN,0,0,False,
1786087083.3041348,engram-node01,341,F3DA6C1A72721D397094A173986C0D65E155C4B3E1AC252F2E34FCBB8D0F2FFB,False,SOVEREIGN,0,0,False,
1786087083.316194,engram-node02,341,F3DA6C1A72721D397094A173986C0D65E155C4B3E1AC252F2E34FCBB8D0F2FFB,False,SOVEREIGN,0,0,False,
1786087083.321503,engram-node03,341,F3DA6C1A72721D397094A173986C0D65E155C4B3E1AC252F2E34FCBB8D0F2FFB,False,SOVEREIGN,0,0,False,
1786087083.3255901,engram-node04,341,F3DA6C1A72721D397094A173986C0D65E155C4B3E1AC252F2E34FCBB8D0F2FFB,False,SOVEREIGN,0,0,False,
1786087088.34018,engram-node01,341,F3DA6C1A72721D397094A173986C0D65E155C4B3E1AC252F2E34FCBB8D0F2FFB,False,SOVEREIGN,0,0,False,
1786087088.351305,engram-node02,341,F3DA6C1A72721D397094A173986C0D65E155C4B3E1AC252F2E34FCBB8D0F2FFB,False,SOVEREIGN,0,0,False,
1786087088.3567328,engram-node03,341,F3DA6C1A72721D397094A173986C0D65E155C4B3E1AC252F2E34FCBB8D0F2FFB,False,SOVEREIGN,0,0,False,
1786087088.3626199,engram-node04,341,F3DA6C1A72721D397094A173986C0D65E155C4B3E1AC252F2E34FCBB8D0F2FFB,False,SOVEREIGN,0,0,False,
1786087093.3704379,engram-node01,342,4E3387F069F79C9535B5E6C25C9A373ED143BC25D23931866EFE84C76E0C40E1,False,SOVEREIGN,0,0,False,
1786087093.380241,engram-node02,342,4E3387F069F79C9535B5E6C25C9A373ED143BC25D23931866EFE84C76E0C40E1,False,SOVEREIGN,0,0,False,
1786087093.386951,engram-node03,342,4E3387F069F79C9535B5E6C25C9A373ED143BC25D23931866EFE84C76E0C40E1,False,SOVEREIGN,0,0,False,
1786087093.391541,engram-node04,342,4E3387F069F79C9535B5E6C25C9A373ED143BC25D23931866EFE84C76E0C40E1,False,SOVEREIGN,0,0,False,
1786087098.3980002,engram-node01,342,4E3387F069F79C9535B5E6C25C9A373ED143BC25D23931866EFE84C76E0C40E1,False,SOVEREIGN,0,0,False,
1786087098.404072,engram-node02,342,4E3387F069F79C9535B5E6C25C9A373ED143BC25D23931866EFE84C76E0C40E1,False,SOVEREIGN,0,0,False,
1786087098.408766,engram-node03,342,4E3387F069F79C9535B5E6C25C9A373ED143BC25D23931866EFE84C76E0C40E1,False,SOVEREIGN,0,0,False,
1786087098.413116,engram-node04,342,4E3387F069F79C9535B5E6C25C9A373ED143BC25D23931866EFE84C76E0C40E1,False,SOVEREIGN,0,0,False,
1786087103.427604,engram-node01,343,CA75EA884913D0B43DA5495BF7B556FEF22CFCF9ECAA18C23B7836AD3487766B,False,SOVEREIGN,0,0,False,
1786087103.438967,engram-node02,343,CA75EA884913D0B43DA5495BF7B556FEF22CFCF9ECAA18C23B7836AD3487766B,False,SOVEREIGN,0,0,False,
1786087103.444222,engram-node03,343,CA75EA884913D0B43DA5495BF7B556FEF22CFCF9ECAA18C23B7836AD3487766B,False,SOVEREIGN,0,0,False,
1786087103.448585,engram-node04,343,CA75EA884913D0B43DA5495BF7B556FEF22CFCF9ECAA18C23B7836AD3487766B,False,SOVEREIGN,0,0,False,
1786087108.461492,engram-node01,343,CA75EA884913D0B43DA5495BF7B556FEF22CFCF9ECAA18C23B7836AD3487766B,False,SOVEREIGN,0,0,False,
1786087108.471195,engram-node02,343,CA75EA884913D0B43DA5495BF7B556FEF22CFCF9ECAA18C23B7836AD3487766B,False,SOVEREIGN,0,0,False,
1786087108.47632,engram-node03,343,CA75EA884913D0B43DA5495BF7B556FEF22CFCF9ECAA18C23B7836AD3487766B,False,SOVEREIGN,0,0,False,
1786087108.4807942,engram-node04,343,CA75EA884913D0B43DA5495BF7B556FEF22CFCF9ECAA18C23B7836AD3487766B,False,SOVEREIGN,0,0,False,
1786087113.4860082,engram-node01,344,FDE84DFCFB88436BD6829E6DDE3644B2597422E27FCACC315B91E46AE56F9D66,False,SOVEREIGN,0,0,False,
1786087113.496164,engram-node02,344,FDE84DFCFB88436BD6829E6DDE3644B2597422E27FCACC315B91E46AE56F9D66,False,SOVEREIGN,0,0,False,
1786087113.5020359,engram-node03,344,FDE84DFCFB88436BD6829E6DDE3644B2597422E27FCACC315B91E46AE56F9D66,False,SOVEREIGN,0,0,False,
1786087113.506637,engram-node04,344,FDE84DFCFB88436BD6829E6DDE3644B2597422E27FCACC315B91E46AE56F9D66,False,SOVEREIGN,0,0,False,
1786087118.517884,engram-node01,345,AA52166B72E21802E030F620FA65E3E623B2415E92EE5E8B54DEA0283208C7F5,False,SOVEREIGN,0,0,False,
1786087118.522122,engram-node02,345,AA52166B72E21802E030F620FA65E3E623B2415E92EE5E8B54DEA0283208C7F5,False,SOVEREIGN,0,0,False,
1786087118.52509,engram-node03,345,AA52166B72E21802E030F620FA65E3E623B2415E92EE5E8B54DEA0283208C7F5,False,SOVEREIGN,0,0,False,
1786087118.5280168,engram-node04,345,AA52166B72E21802E030F620FA65E3E623B2415E92EE5E8B54DEA0283208C7F5,False,SOVEREIGN,0,0,False,
1786087123.534809,engram-node01,345,AA52166B72E21802E030F620FA65E3E623B2415E92EE5E8B54DEA0283208C7F5,False,SOVEREIGN,0,0,False,
1786087123.539902,engram-node02,345,AA52166B72E21802E030F620FA65E3E623B2415E92EE5E8B54DEA0283208C7F5,False,SOVEREIGN,0,0,False,
1786087123.5440829,engram-node03,345,AA52166B72E21802E030F620FA65E3E623B2415E92EE5E8B54DEA0283208C7F5,False,SOVEREIGN,0,0,False,
1786087123.5536299,engram-node04,345,AA52166B72E21802E030F620FA65E3E623B2415E92EE5E8B54DEA0283208C7F5,False,SOVEREIGN,0,0,False,
1786087128.558312,engram-node01,346,2A16F9B4230E10BBAB605220B697B8EBDFB6A6F0BE10DFDC22D7A68B59924E2A,False,SOVEREIGN,0,0,False,
1786087128.5675242,engram-node02,346,2A16F9B4230E10BBAB605220B697B8EBDFB6A6F0BE10DFDC22D7A68B59924E2A,False,SOVEREIGN,0,0,False,
1786087128.5723479,engram-node03,346,2A16F9B4230E10BBAB605220B697B8EBDFB6A6F0BE10DFDC22D7A68B59924E2A,False,SOVEREIGN,0,0,False,
1786087128.5768828,engram-node04,346,2A16F9B4230E10BBAB605220B697B8EBDFB6A6F0BE10DFDC22D7A68B59924E2A,False,SOVEREIGN,0,0,False,
1786087133.583325,engram-node01,346,2A16F9B4230E10BBAB605220B697B8EBDFB6A6F0BE10DFDC22D7A68B59924E2A,False,SOVEREIGN,0,0,False,
1786087133.593058,engram-node02,346,2A16F9B4230E10BBAB605220B697B8EBDFB6A6F0BE10DFDC22D7A68B59924E2A,False,SOVEREIGN,0,0,False,
1786087133.5980742,engram-node03,346,2A16F9B4230E10BBAB605220B697B8EBDFB6A6F0BE10DFDC22D7A68B59924E2A,False,SOVEREIGN,0,0,False,
1786087133.602271,engram-node04,346,2A16F9B4230E10BBAB605220B697B8EBDFB6A6F0BE10DFDC22D7A68B59924E2A,False,SOVEREIGN,0,0,False,
1786087138.60867,engram-node01,346,2A16F9B4230E10BBAB605220B697B8EBDFB6A6F0BE10DFDC22D7A68B59924E2A,False,SOVEREIGN,0,0,False,
1786087138.619945,engram-node02,346,2A16F9B4230E10BBAB605220B697B8EBDFB6A6F0BE10DFDC22D7A68B59924E2A,False,SOVEREIGN,0,0,False,
1786087138.626684,engram-node03,346,2A16F9B4230E10BBAB605220B697B8EBDFB6A6F0BE10DFDC22D7A68B59924E2A,False,SOVEREIGN,0,0,False,
1786087138.6312041,engram-node04,346,2A16F9B4230E10BBAB605220B697B8EBDFB6A6F0BE10DFDC22D7A68B59924E2A,False,SOVEREIGN,0,0,False,
1786087143.639578,engram-node01,346,2A16F9B4230E10BBAB605220B697B8EBDFB6A6F0BE10DFDC22D7A68B59924E2A,False,SOVEREIGN,0,0,False,
1786087143.648552,engram-node02,346,2A16F9B4230E10BBAB605220B697B8EBDFB6A6F0BE10DFDC22D7A68B59924E2A,False,SOVEREIGN,0,0,False,
1786087143.653176,engram-node03,346,2A16F9B4230E10BBAB605220B697B8EBDFB6A6F0BE10DFDC22D7A68B59924E2A,False,SOVEREIGN,0,0,False,
1786087143.6576269,engram-node04,346,2A16F9B4230E10BBAB605220B697B8EBDFB6A6F0BE10DFDC22D7A68B59924E2A,False,SOVEREIGN,0,0,False,
1786087148.6708212,engram-node01,347,2043E423A56B6CB2D706CBBD69D51857F8A0A51DF241321D209902AF9DB654C0,False,SOVEREIGN,0,0,False,
1786087148.680773,engram-node02,347,2043E423A56B6CB2D706CBBD69D51857F8A0A51DF241321D209902AF9DB654C0,False,SOVEREIGN,0,0,False,
1786087148.685761,engram-node03,347,2043E423A56B6CB2D706CBBD69D51857F8A0A51DF241321D209902AF9DB654C0,False,SOVEREIGN,0,0,False,
1786087148.690263,engram-node04,347,2043E423A56B6CB2D706CBBD69D51857F8A0A51DF241321D209902AF9DB654C0,False,SOVEREIGN,0,0,False,
1786087153.6954958,engram-node01,348,ED5F58D35BE988902092A1ADC5BEB3F1E37F714B3D9B839231C002CDE24B228F,False,SOVEREIGN,0,0,False,
1786087153.702097,engram-node02,348,ED5F58D35BE988902092A1ADC5BEB3F1E37F714B3D9B839231C002CDE24B228F,False,SOVEREIGN,0,0,False,
1786087153.707212,engram-node03,348,ED5F58D35BE988902092A1ADC5BEB3F1E37F714B3D9B839231C002CDE24B228F,False,SOVEREIGN,0,0,False,
1786087153.711259,engram-node04,348,ED5F58D35BE988902092A1ADC5BEB3F1E37F714B3D9B839231C002CDE24B228F,False,SOVEREIGN,0,0,False,
1786087158.725157,engram-node01,348,ED5F58D35BE988902092A1ADC5BEB3F1E37F714B3D9B839231C002CDE24B228F,False,SOVEREIGN,0,0,False,
1786087158.7353249,engram-node02,348,ED5F58D35BE988902092A1ADC5BEB3F1E37F714B3D9B839231C002CDE24B228F,False,SOVEREIGN,0,0,False,
1786087158.7411032,engram-node03,348,ED5F58D35BE988902092A1ADC5BEB3F1E37F714B3D9B839231C002CDE24B228F,False,SOVEREIGN,0,0,False,
1786087158.745325,engram-node04,348,ED5F58D35BE988902092A1ADC5BEB3F1E37F714B3D9B839231C002CDE24B228F,False,SOVEREIGN,0,0,False,
1786087163.758553,engram-node01,349,B577F7AA5CA726B5509BA15877466B1627615AA7032316662C66602F2B85D09D,False,SOVEREIGN,0,0,False,
1786087163.769886,engram-node02,349,B577F7AA5CA726B5509BA15877466B1627615AA7032316662C66602F2B85D09D,False,SOVEREIGN,0,0,False,
1786087163.775865,engram-node03,349,B577F7AA5CA726B5509BA15877466B1627615AA7032316662C66602F2B85D09D,False,SOVEREIGN,0,0,False,
1786087163.7806258,engram-node04,349,B577F7AA5CA726B5509BA15877466B1627615AA7032316662C66602F2B85D09D,False,SOVEREIGN,0,0,False,
1786087168.788736,engram-node01,349,B577F7AA5CA726B5509BA15877466B1627615AA7032316662C66602F2B85D09D,False,SOVEREIGN,0,0,False,
1786087168.798265,engram-node02,349,B577F7AA5CA726B5509BA15877466B1627615AA7032316662C66602F2B85D09D,False,SOVEREIGN,0,0,False,
1786087168.8047569,engram-node03,349,B577F7AA5CA726B5509BA15877466B1627615AA7032316662C66602F2B85D09D,False,SOVEREIGN,0,0,False,
1786087168.809618,engram-node04,349,B577F7AA5CA726B5509BA15877466B1627615AA7032316662C66602F2B85D09D,False,SOVEREIGN,0,0,False,
1786087173.8230112,engram-node01,350,7D0D19A39E2CF8FD36245A4E0497660D04CA461D0FBE96045D646F83F9E1E142,False,SOVEREIGN,0,0,False,
1786087173.832515,engram-node02,350,7D0D19A39E2CF8FD36245A4E0497660D04CA461D0FBE96045D646F83F9E1E142,False,SOVEREIGN,0,0,False,
1786087173.839437,engram-node03,350,7D0D19A39E2CF8FD36245A4E0497660D04CA461D0FBE96045D646F83F9E1E142,False,SOVEREIGN,0,0,False,
1786087173.844008,engram-node04,350,7D0D19A39E2CF8FD36245A4E0497660D04CA461D0FBE96045D646F83F9E1E142,False,SOVEREIGN,0,0,False,
1786087178.8528,engram-node01,350,7D0D19A39E2CF8FD36245A4E0497660D04CA461D0FBE96045D646F83F9E1E142,False,SOVEREIGN,0,0,False,
1786087178.861802,engram-node02,350,7D0D19A39E2CF8FD36245A4E0497660D04CA461D0FBE96045D646F83F9E1E142,False,SOVEREIGN,0,0,False,
1786087178.867906,engram-node03,350,7D0D19A39E2CF8FD36245A4E0497660D04CA461D0FBE96045D646F83F9E1E142,False,SOVEREIGN,0,0,False,
1786087178.8723252,engram-node04,350,7D0D19A39E2CF8FD36245A4E0497660D04CA461D0FBE96045D646F83F9E1E142,False,SOVEREIGN,0,0,False,
1786087183.879072,engram-node01,351,622F20E1F8573E240BEF05D0DDC3A244E93AA40EAA3894DEEB73D1E037222DE2,False,SOVEREIGN,0,0,False,
1786087183.884508,engram-node02,351,622F20E1F8573E240BEF05D0DDC3A244E93AA40EAA3894DEEB73D1E037222DE2,False,SOVEREIGN,0,0,False,
1786087183.890949,engram-node03,351,622F20E1F8573E240BEF05D0DDC3A244E93AA40EAA3894DEEB73D1E037222DE2,False,SOVEREIGN,0,0,False,
1786087183.897953,engram-node04,351,622F20E1F8573E240BEF05D0DDC3A244E93AA40EAA3894DEEB73D1E037222DE2,False,SOVEREIGN,0,0,False,
1786087188.914034,engram-node01,351,622F20E1F8573E240BEF05D0DDC3A244E93AA40EAA3894DEEB73D1E037222DE2,False,SOVEREIGN,0,0,False,
1786087188.924101,engram-node02,351,622F20E1F8573E240BEF05D0DDC3A244E93AA40EAA3894DEEB73D1E037222DE2,False,SOVEREIGN,0,0,False,
1786087188.929698,engram-node03,351,622F20E1F8573E240BEF05D0DDC3A244E93AA40EAA3894DEEB73D1E037222DE2,False,SOVEREIGN,0,0,False,
1786087188.934408,engram-node04,351,622F20E1F8573E240BEF05D0DDC3A244E93AA40EAA3894DEEB73D1E037222DE2,False,SOVEREIGN,0,0,False,
1786087193.9404979,engram-node01,352,BF9D0AFF1846BA0614D8E45562514673190194622A91D86C24CF7537C1EFA562,False,SOVEREIGN,0,0,False,
1786087193.9491808,engram-node02,352,BF9D0AFF1846BA0614D8E45562514673190194622A91D86C24CF7537C1EFA562,False,SOVEREIGN,0,0,False,
1786087193.954665,engram-node03,352,BF9D0AFF1846BA0614D8E45562514673190194622A91D86C24CF7537C1EFA562,False,SOVEREIGN,0,0,False,
1786087193.959362,engram-node04,352,BF9D0AFF1846BA0614D8E45562514673190194622A91D86C24CF7537C1EFA562,False,SOVEREIGN,0,0,False,
1786087198.9738219,engram-node01,353,AFF34767A2B3911036B47D4FF9B149788991FA74B6527116357DD5AF08BE80BF,False,SOVEREIGN,0,0,False,
1786087198.9827368,engram-node02,353,AFF34767A2B3911036B47D4FF9B149788991FA74B6527116357DD5AF08BE80BF,False,SOVEREIGN,0,0,False,
1786087198.991307,engram-node03,353,AFF34767A2B3911036B47D4FF9B149788991FA74B6527116357DD5AF08BE80BF,False,SOVEREIGN,0,0,False,
1786087198.999892,engram-node04,353,AFF34767A2B3911036B47D4FF9B149788991FA74B6527116357DD5AF08BE80BF,False,SOVEREIGN,0,0,False,
1786087204.004404,engram-node01,354,E5D304E79C7B7898EC7E5EEC6500ABCF282D4C38F5F5501078ACB1428BAF09E7,False,SOVEREIGN,0,0,False,
1786087204.008951,engram-node02,354,E5D304E79C7B7898EC7E5EEC6500ABCF282D4C38F5F5501078ACB1428BAF09E7,False,SOVEREIGN,0,0,False,
1786087204.0121129,engram-node03,354,E5D304E79C7B7898EC7E5EEC6500ABCF282D4C38F5F5501078ACB1428BAF09E7,False,SOVEREIGN,0,0,False,
1786087204.0148401,engram-node04,354,E5D304E79C7B7898EC7E5EEC6500ABCF282D4C38F5F5501078ACB1428BAF09E7,False,SOVEREIGN,0,0,False,
1786087209.023825,engram-node01,354,E5D304E79C7B7898EC7E5EEC6500ABCF282D4C38F5F5501078ACB1428BAF09E7,False,SOVEREIGN,0,0,False,
1786087209.035825,engram-node02,354,E5D304E79C7B7898EC7E5EEC6500ABCF282D4C38F5F5501078ACB1428BAF09E7,False,SOVEREIGN,0,0,False,
1786087209.041688,engram-node03,354,E5D304E79C7B7898EC7E5EEC6500ABCF282D4C38F5F5501078ACB1428BAF09E7,False,SOVEREIGN,0,0,False,
1786087209.0459268,engram-node04,354,E5D304E79C7B7898EC7E5EEC6500ABCF282D4C38F5F5501078ACB1428BAF09E7,False,SOVEREIGN,0,0,False,
1786087214.0535731,engram-node01,354,E5D304E79C7B7898EC7E5EEC6500ABCF282D4C38F5F5501078ACB1428BAF09E7,False,SOVEREIGN,0,0,False,
1786087214.06445,engram-node02,354,E5D304E79C7B7898EC7E5EEC6500ABCF282D4C38F5F5501078ACB1428BAF09E7,False,SOVEREIGN,0,0,False,
1786087214.0702631,engram-node03,354,E5D304E79C7B7898EC7E5EEC6500ABCF282D4C38F5F5501078ACB1428BAF09E7,False,SOVEREIGN,0,0,False,
1786087214.07467,engram-node04,354,E5D304E79C7B7898EC7E5EEC6500ABCF282D4C38F5F5501078ACB1428BAF09E7,False,SOVEREIGN,0,0,False,
1786087219.0796611,engram-node01,354,E5D304E79C7B7898EC7E5EEC6500ABCF282D4C38F5F5501078ACB1428BAF09E7,False,SOVEREIGN,0,0,False,
1786087219.090253,engram-node02,354,E5D304E79C7B7898EC7E5EEC6500ABCF282D4C38F5F5501078ACB1428BAF09E7,False,SOVEREIGN,0,0,False,
1786087219.097534,engram-node03,354,E5D304E79C7B7898EC7E5EEC6500ABCF282D4C38F5F5501078ACB1428BAF09E7,False,SOVEREIGN,0,0,False,
1786087219.101888,engram-node04,354,E5D304E79C7B7898EC7E5EEC6500ABCF282D4C38F5F5501078ACB1428BAF09E7,False,SOVEREIGN,0,0,False,
1786087224.1157079,engram-node01,355,C7748999A313464237C9FB987727E7720C8A7F8AB270B27F1272D33932866B7C,False,SOVEREIGN,0,0,False,
1786087224.1196501,engram-node02,355,C7748999A313464237C9FB987727E7720C8A7F8AB270B27F1272D33932866B7C,False,SOVEREIGN,0,0,False,
1786087224.122766,engram-node03,355,C7748999A313464237C9FB987727E7720C8A7F8AB270B27F1272D33932866B7C,False,SOVEREIGN,0,0,False,
1786087224.125602,engram-node04,355,C7748999A313464237C9FB987727E7720C8A7F8AB270B27F1272D33932866B7C,False,SOVEREIGN,0,0,False,
1786087229.129846,engram-node01,355,C7748999A313464237C9FB987727E7720C8A7F8AB270B27F1272D33932866B7C,False,SOVEREIGN,0,0,False,
1786087229.1354198,engram-node02,355,C7748999A313464237C9FB987727E7720C8A7F8AB270B27F1272D33932866B7C,False,SOVEREIGN,0,0,False,
1786087229.140039,engram-node03,355,C7748999A313464237C9FB987727E7720C8A7F8AB270B27F1272D33932866B7C,False,SOVEREIGN,0,0,False,
1786087229.144524,engram-node04,355,C7748999A313464237C9FB987727E7720C8A7F8AB270B27F1272D33932866B7C,False,SOVEREIGN,0,0,False,
1786087234.158541,engram-node01,356,B8DA199356D795CC05CFFF84A233B88BDBA9D9A6E457FB769D960861E3C9BCD0,False,SOVEREIGN,0,0,False,
1786087234.1644092,engram-node02,356,B8DA199356D795CC05CFFF84A233B88BDBA9D9A6E457FB769D960861E3C9BCD0,False,SOVEREIGN,0,0,False,
1786087234.168809,engram-node03,356,B8DA199356D795CC05CFFF84A233B88BDBA9D9A6E457FB769D960861E3C9BCD0,False,SOVEREIGN,0,0,False,
1786087234.172713,engram-node04,356,B8DA199356D795CC05CFFF84A233B88BDBA9D9A6E457FB769D960861E3C9BCD0,False,SOVEREIGN,0,0,False,
1786087239.176244,engram-node01,356,B8DA199356D795CC05CFFF84A233B88BDBA9D9A6E457FB769D960861E3C9BCD0,False,SOVEREIGN,0,0,False,
1786087239.1825569,engram-node02,356,B8DA199356D795CC05CFFF84A233B88BDBA9D9A6E457FB769D960861E3C9BCD0,False,SOVEREIGN,0,0,False,
1786087239.188813,engram-node03,356,B8DA199356D795CC05CFFF84A233B88BDBA9D9A6E457FB769D960861E3C9BCD0,False,SOVEREIGN,0,0,False,
1786087239.192998,engram-node04,356,B8DA199356D795CC05CFFF84A233B88BDBA9D9A6E457FB769D960861E3C9BCD0,False,SOVEREIGN,0,0,False,
1786087244.206858,engram-node01,357,BDABBD74DA5F79C4CA545CD4A478D1BC0329C08D0EBEF8100F4B93C2C83377A2,False,SOVEREIGN,0,0,False,
1786087244.213268,engram-node02,357,BDABBD74DA5F79C4CA545CD4A478D1BC0329C08D0EBEF8100F4B93C2C83377A2,False,SOVEREIGN,0,0,False,
1786087244.2170298,engram-node03,357,BDABBD74DA5F79C4CA545CD4A478D1BC0329C08D0EBEF8100F4B93C2C83377A2,False,SOVEREIGN,0,0,False,
1786087244.2196171,engram-node04,357,BDABBD74DA5F79C4CA545CD4A478D1BC0329C08D0EBEF8100F4B93C2C83377A2,False,SOVEREIGN,0,0,False,
1786087249.2333388,engram-node01,357,BDABBD74DA5F79C4CA545CD4A478D1BC0329C08D0EBEF8100F4B93C2C83377A2,False,SOVEREIGN,0,0,False,
1786087249.2450292,engram-node02,357,BDABBD74DA5F79C4CA545CD4A478D1BC0329C08D0EBEF8100F4B93C2C83377A2,False,SOVEREIGN,0,0,False,
1786087249.252567,engram-node03,357,BDABBD74DA5F79C4CA545CD4A478D1BC0329C08D0EBEF8100F4B93C2C83377A2,False,SOVEREIGN,0,0,False,
1786087249.2571259,engram-node04,357,BDABBD74DA5F79C4CA545CD4A478D1BC0329C08D0EBEF8100F4B93C2C83377A2,False,SOVEREIGN,0,0,False,
1786087254.26179,engram-node01,358,BB3ACECC5B38E49CE12B50801363329352402B588E173AB73D0362F8CF67C9FB,False,SOVEREIGN,0,0,False,
1786087254.2723289,engram-node02,358,BB3ACECC5B38E49CE12B50801363329352402B588E173AB73D0362F8CF67C9FB,False,SOVEREIGN,0,0,False,
1786087254.279148,engram-node03,358,BB3ACECC5B38E49CE12B50801363329352402B588E173AB73D0362F8CF67C9FB,False,SOVEREIGN,0,0,False,
1786087254.2842891,engram-node04,358,BB3ACECC5B38E49CE12B50801363329352402B588E173AB73D0362F8CF67C9FB,False,SOVEREIGN,0,0,False,
1786087259.29103,engram-node01,358,BB3ACECC5B38E49CE12B50801363329352402B588E173AB73D0362F8CF67C9FB,False,SOVEREIGN,0,0,False,
1786087259.296593,engram-node02,358,BB3ACECC5B38E49CE12B50801363329352402B588E173AB73D0362F8CF67C9FB,False,SOVEREIGN,0,0,False,
1786087259.300409,engram-node03,358,BB3ACECC5B38E49CE12B50801363329352402B588E173AB73D0362F8CF67C9FB,False,SOVEREIGN,0,0,False,
1786087259.3038468,engram-node04,358,BB3ACECC5B38E49CE12B50801363329352402B588E173AB73D0362F8CF67C9FB,False,SOVEREIGN,0,0,False,
1786087264.34778,engram-node01,359,3DB6F67870F3A00220CF85850FBEA64DBBB7865CB4266122260D1A861C0D26A0,False,SOVEREIGN,0,0,False,
1786087264.3573608,engram-node02,359,3DB6F67870F3A00220CF85850FBEA64DBBB7865CB4266122260D1A861C0D26A0,False,SOVEREIGN,0,0,False,
1786087264.362808,engram-node03,359,3DB6F67870F3A00220CF85850FBEA64DBBB7865CB4266122260D1A861C0D26A0,False,SOVEREIGN,0,0,False,
1786087264.3671098,engram-node04,359,3DB6F67870F3A00220CF85850FBEA64DBBB7865CB4266122260D1A861C0D26A0,False,SOVEREIGN,0,0,False,
1786087269.378975,engram-node01,359,3DB6F67870F3A00220CF85850FBEA64DBBB7865CB4266122260D1A861C0D26A0,False,SOVEREIGN,0,0,False,
1786087269.386529,engram-node02,359,3DB6F67870F3A00220CF85850FBEA64DBBB7865CB4266122260D1A861C0D26A0,False,SOVEREIGN,0,0,False,
1786087269.391825,engram-node03,359,3DB6F67870F3A00220CF85850FBEA64DBBB7865CB4266122260D1A861C0D26A0,False,SOVEREIGN,0,0,False,
1786087269.3952372,engram-node04,359,3DB6F67870F3A00220CF85850FBEA64DBBB7865CB4266122260D1A861C0D26A0,False,SOVEREIGN,0,0,False,
1786087274.402223,engram-node01,360,FDF3B6CC99E2FFC7D3884A093174F46750DF81ABBE1E741541D07D2BC4E713B6,False,SOVEREIGN,0,0,False,
1786087274.407712,engram-node02,360,FDF3B6CC99E2FFC7D3884A093174F46750DF81ABBE1E741541D07D2BC4E713B6,False,SOVEREIGN,0,0,False,
1786087274.412108,engram-node03,360,FDF3B6CC99E2FFC7D3884A093174F46750DF81ABBE1E741541D07D2BC4E713B6,False,SOVEREIGN,0,0,False,
1786087274.416651,engram-node04,360,FDF3B6CC99E2FFC7D3884A093174F46750DF81ABBE1E741541D07D2BC4E713B6,False,SOVEREIGN,0,0,False,
1786087279.425586,engram-node01,360,FDF3B6CC99E2FFC7D3884A093174F46750DF81ABBE1E741541D07D2BC4E713B6,False,SOVEREIGN,0,0,False,
1786087279.430358,engram-node02,360,FDF3B6CC99E2FFC7D3884A093174F46750DF81ABBE1E741541D07D2BC4E713B6,False,SOVEREIGN,0,0,False,
1786087279.433941,engram-node03,360,FDF3B6CC99E2FFC7D3884A093174F46750DF81ABBE1E741541D07D2BC4E713B6,False,SOVEREIGN,0,0,False,
1786087279.43814,engram-node04,360,FDF3B6CC99E2FFC7D3884A093174F46750DF81ABBE1E741541D07D2BC4E713B6,False,SOVEREIGN,0,0,False,
1786087284.4527879,engram-node01,360,FDF3B6CC99E2FFC7D3884A093174F46750DF81ABBE1E741541D07D2BC4E713B6,False,SOVEREIGN,0,0,False,
1786087284.461181,engram-node02,360,FDF3B6CC99E2FFC7D3884A093174F46750DF81ABBE1E741541D07D2BC4E713B6,False,SOVEREIGN,0,0,False,
1786087284.4658601,engram-node03,360,FDF3B6CC99E2FFC7D3884A093174F46750DF81ABBE1E741541D07D2BC4E713B6,False,SOVEREIGN,0,0,False,
1786087284.469437,engram-node04,360,FDF3B6CC99E2FFC7D3884A093174F46750DF81ABBE1E741541D07D2BC4E713B6,False,SOVEREIGN,0,0,False,
1786087289.476587,engram-node01,360,FDF3B6CC99E2FFC7D3884A093174F46750DF81ABBE1E741541D07D2BC4E713B6,False,SOVEREIGN,0,0,False,
1786087289.483453,engram-node02,360,FDF3B6CC99E2FFC7D3884A093174F46750DF81ABBE1E741541D07D2BC4E713B6,False,SOVEREIGN,0,0,False,
1786087289.488914,engram-node03,360,FDF3B6CC99E2FFC7D3884A093174F46750DF81ABBE1E741541D07D2BC4E713B6,False,SOVEREIGN,0,0,False,
1786087289.494981,engram-node04,360,FDF3B6CC99E2FFC7D3884A093174F46750DF81ABBE1E741541D07D2BC4E713B6,False,SOVEREIGN,0,0,False,
1786087294.5286222,engram-node01,360,FDF3B6CC99E2FFC7D3884A093174F46750DF81ABBE1E741541D07D2BC4E713B6,False,SOVEREIGN,0,0,False,
1786087294.5496478,engram-node02,360,FDF3B6CC99E2FFC7D3884A093174F46750DF81ABBE1E741541D07D2BC4E713B6,False,SOVEREIGN,0,0,False,
1786087294.554883,engram-node03,360,FDF3B6CC99E2FFC7D3884A093174F46750DF81ABBE1E741541D07D2BC4E713B6,False,SOVEREIGN,0,0,False,
1786087294.568864,engram-node04,360,FDF3B6CC99E2FFC7D3884A093174F46750DF81ABBE1E741541D07D2BC4E713B6,False,SOVEREIGN,0,0,False,
1786087299.573759,engram-node01,360,FDF3B6CC99E2FFC7D3884A093174F46750DF81ABBE1E741541D07D2BC4E713B6,False,SOVEREIGN,0,0,False,
1786087299.578258,engram-node02,360,FDF3B6CC99E2FFC7D3884A093174F46750DF81ABBE1E741541D07D2BC4E713B6,False,SOVEREIGN,0,0,False,
1786087299.5817752,engram-node03,360,FDF3B6CC99E2FFC7D3884A093174F46750DF81ABBE1E741541D07D2BC4E713B6,False,SOVEREIGN,0,0,False,
1786087299.585058,engram-node04,360,FDF3B6CC99E2FFC7D3884A093174F46750DF81ABBE1E741541D07D2BC4E713B6,False,SOVEREIGN,0,0,False,
1786087304.5926158,engram-node01,360,FDF3B6CC99E2FFC7D3884A093174F46750DF81ABBE1E741541D07D2BC4E713B6,False,SOVEREIGN,0,0,False,
1786087304.598269,engram-node02,360,FDF3B6CC99E2FFC7D3884A093174F46750DF81ABBE1E741541D07D2BC4E713B6,False,SOVEREIGN,0,0,False,
1786087304.6029599,engram-node03,360,FDF3B6CC99E2FFC7D3884A093174F46750DF81ABBE1E741541D07D2BC4E713B6,False,SOVEREIGN,0,0,False,
1786087304.606834,engram-node04,360,FDF3B6CC99E2FFC7D3884A093174F46750DF81ABBE1E741541D07D2BC4E713B6,False,SOVEREIGN,0,0,False,
1786087309.611178,engram-node01,360,FDF3B6CC99E2FFC7D3884A093174F46750DF81ABBE1E741541D07D2BC4E713B6,False,SOVEREIGN,0,0,False,
1786087309.616035,engram-node02,360,FDF3B6CC99E2FFC7D3884A093174F46750DF81ABBE1E741541D07D2BC4E713B6,False,SOVEREIGN,0,0,False,
1786087309.6195788,engram-node03,360,FDF3B6CC99E2FFC7D3884A093174F46750DF81ABBE1E741541D07D2BC4E713B6,False,SOVEREIGN,0,0,False,
1786087309.6226518,engram-node04,360,FDF3B6CC99E2FFC7D3884A093174F46750DF81ABBE1E741541D07D2BC4E713B6,False,SOVEREIGN,0,0,False,
1786087314.637061,engram-node01,360,FDF3B6CC99E2FFC7D3884A093174F46750DF81ABBE1E741541D07D2BC4E713B6,False,SOVEREIGN,0,0,False,
1786087314.64371,engram-node02,360,FDF3B6CC99E2FFC7D3884A093174F46750DF81ABBE1E741541D07D2BC4E713B6,False,SOVEREIGN,0,0,False,
1786087314.648471,engram-node03,360,FDF3B6CC99E2FFC7D3884A093174F46750DF81ABBE1E741541D07D2BC4E713B6,False,SOVEREIGN,0,0,False,
1786087314.652302,engram-node04,360,FDF3B6CC99E2FFC7D3884A093174F46750DF81ABBE1E741541D07D2BC4E713B6,False,SOVEREIGN,0,0,False,
1786087319.657995,engram-node01,360,FDF3B6CC99E2FFC7D3884A093174F46750DF81ABBE1E741541D07D2BC4E713B6,False,SOVEREIGN,0,0,False,
1786087319.6634722,engram-node02,360,FDF3B6CC99E2FFC7D3884A093174F46750DF81ABBE1E741541D07D2BC4E713B6,False,SOVEREIGN,0,0,False,
1786087319.6677241,engram-node03,360,FDF3B6CC99E2FFC7D3884A093174F46750DF81ABBE1E741541D07D2BC4E713B6,False,SOVEREIGN,0,0,False,
1786087319.671634,engram-node04,360,FDF3B6CC99E2FFC7D3884A093174F46750DF81ABBE1E741541D07D2BC4E713B6,False,SOVEREIGN,0,0,False,
1786087324.6816242,engram-node01,360,FDF3B6CC99E2FFC7D3884A093174F46750DF81ABBE1E741541D07D2BC4E713B6,False,SOVEREIGN,0,0,False,
1786087324.689558,engram-node02,360,FDF3B6CC99E2FFC7D3884A093174F46750DF81ABBE1E741541D07D2BC4E713B6,False,SOVEREIGN,0,0,False,
1786087324.695256,engram-node03,360,FDF3B6CC99E2FFC7D3884A093174F46750DF81ABBE1E741541D07D2BC4E713B6,False,SOVEREIGN,0,0,False,
1786087324.7002912,engram-node04,360,FDF3B6CC99E2FFC7D3884A093174F46750DF81ABBE1E741541D07D2BC4E713B6,False,SOVEREIGN,0,0,False,
1786087329.7087219,engram-node01,360,FDF3B6CC99E2FFC7D3884A093174F46750DF81ABBE1E741541D07D2BC4E713B6,False,SOVEREIGN,0,0,False,
1786087329.714016,engram-node02,360,FDF3B6CC99E2FFC7D3884A093174F46750DF81ABBE1E741541D07D2BC4E713B6,False,SOVEREIGN,0,0,False,
1786087329.7179542,engram-node03,360,FDF3B6CC99E2FFC7D3884A093174F46750DF81ABBE1E741541D07D2BC4E713B6,False,SOVEREIGN,0,0,False,
1786087329.7214458,engram-node04,360,FDF3B6CC99E2FFC7D3884A093174F46750DF81ABBE1E741541D07D2BC4E713B6,False,SOVEREIGN,0,0,False,
1786087334.731659,engram-node01,360,FDF3B6CC99E2FFC7D3884A093174F46750DF81ABBE1E741541D07D2BC4E713B6,False,SOVEREIGN,0,0,False,
1786087334.738215,engram-node02,360,FDF3B6CC99E2FFC7D3884A093174F46750DF81ABBE1E741541D07D2BC4E713B6,False,SOVEREIGN,0,0,False,
1786087334.744111,engram-node03,360,FDF3B6CC99E2FFC7D3884A093174F46750DF81ABBE1E741541D07D2BC4E713B6,False,SOVEREIGN,0,0,False,
1786087334.74778,engram-node04,360,FDF3B6CC99E2FFC7D3884A093174F46750DF81ABBE1E741541D07D2BC4E713B6,False,SOVEREIGN,0,0,False,
1786087339.758244,engram-node01,361,BD6CAEACCF6529116167818191C4E40FB9A30754DCCC7B83BEA8582A01B0ACE5,False,SOVEREIGN,0,0,False,
1786087339.7633228,engram-node02,361,BD6CAEACCF6529116167818191C4E40FB9A30754DCCC7B83BEA8582A01B0ACE5,False,SOVEREIGN,0,0,False,
1786087339.766815,engram-node03,361,BD6CAEACCF6529116167818191C4E40FB9A30754DCCC7B83BEA8582A01B0ACE5,False,SOVEREIGN,0,0,False,
1786087339.770112,engram-node04,361,BD6CAEACCF6529116167818191C4E40FB9A30754DCCC7B83BEA8582A01B0ACE5,False,SOVEREIGN,0,0,False,
1786087344.782378,engram-node01,361,BD6CAEACCF6529116167818191C4E40FB9A30754DCCC7B83BEA8582A01B0ACE5,False,SOVEREIGN,0,0,False,
1786087344.788966,engram-node02,361,BD6CAEACCF6529116167818191C4E40FB9A30754DCCC7B83BEA8582A01B0ACE5,False,SOVEREIGN,0,0,False,
1786087344.7931762,engram-node03,361,BD6CAEACCF6529116167818191C4E40FB9A30754DCCC7B83BEA8582A01B0ACE5,False,SOVEREIGN,0,0,False,
1786087344.7974222,engram-node04,361,BD6CAEACCF6529116167818191C4E40FB9A30754DCCC7B83BEA8582A01B0ACE5,False,SOVEREIGN,0,0,False,
1786087349.8048792,engram-node01,361,BD6CAEACCF6529116167818191C4E40FB9A30754DCCC7B83BEA8582A01B0ACE5,False,SOVEREIGN,0,0,False,
1786087349.8141282,engram-node02,361,BD6CAEACCF6529116167818191C4E40FB9A30754DCCC7B83BEA8582A01B0ACE5,False,SOVEREIGN,0,0,False,
1786087349.8182662,engram-node03,361,BD6CAEACCF6529116167818191C4E40FB9A30754DCCC7B83BEA8582A01B0ACE5,False,SOVEREIGN,0,0,False,
1786087349.8217359,engram-node04,361,BD6CAEACCF6529116167818191C4E40FB9A30754DCCC7B83BEA8582A01B0ACE5,False,SOVEREIGN,0,0,False,
1786087354.8281322,engram-node01,361,BD6CAEACCF6529116167818191C4E40FB9A30754DCCC7B83BEA8582A01B0ACE5,False,SOVEREIGN,0,0,False,
1786087354.835846,engram-node02,361,BD6CAEACCF6529116167818191C4E40FB9A30754DCCC7B83BEA8582A01B0ACE5,False,SOVEREIGN,0,0,False,
1786087354.839942,engram-node03,361,BD6CAEACCF6529116167818191C4E40FB9A30754DCCC7B83BEA8582A01B0ACE5,False,SOVEREIGN,0,0,False,
1786087354.8432598,engram-node04,361,BD6CAEACCF6529116167818191C4E40FB9A30754DCCC7B83BEA8582A01B0ACE5,False,SOVEREIGN,0,0,False,
1786087359.850625,engram-node01,361,BD6CAEACCF6529116167818191C4E40FB9A30754DCCC7B83BEA8582A01B0ACE5,False,SOVEREIGN,0,0,False,
1786087359.94481,engram-node02,361,BD6CAEACCF6529116167818191C4E40FB9A30754DCCC7B83BEA8582A01B0ACE5,False,SOVEREIGN,0,0,False,
1786087359.953391,engram-node03,361,BD6CAEACCF6529116167818191C4E40FB9A30754DCCC7B83BEA8582A01B0ACE5,False,SOVEREIGN,0,0,False,
1786087359.957739,engram-node04,361,BD6CAEACCF6529116167818191C4E40FB9A30754DCCC7B83BEA8582A01B0ACE5,False,SOVEREIGN,0,0,False,
1786087364.9715588,engram-node01,361,BD6CAEACCF6529116167818191C4E40FB9A30754DCCC7B83BEA8582A01B0ACE5,False,SOVEREIGN,0,0,False,
1786087364.9775019,engram-node02,361,BD6CAEACCF6529116167818191C4E40FB9A30754DCCC7B83BEA8582A01B0ACE5,False,SOVEREIGN,0,0,False,
1786087364.981322,engram-node03,361,BD6CAEACCF6529116167818191C4E40FB9A30754DCCC7B83BEA8582A01B0ACE5,False,SOVEREIGN,0,0,False,
1786087364.984225,engram-node04,361,BD6CAEACCF6529116167818191C4E40FB9A30754DCCC7B83BEA8582A01B0ACE5,False,SOVEREIGN,0,0,False,
1786087369.9966452,engram-node01,361,BD6CAEACCF6529116167818191C4E40FB9A30754DCCC7B83BEA8582A01B0ACE5,False,SOVEREIGN,0,0,False,
1786087370.001512,engram-node02,361,BD6CAEACCF6529116167818191C4E40FB9A30754DCCC7B83BEA8582A01B0ACE5,False,SOVEREIGN,0,0,False,
1786087370.005079,engram-node03,361,BD6CAEACCF6529116167818191C4E40FB9A30754DCCC7B83BEA8582A01B0ACE5,False,SOVEREIGN,0,0,False,
1786087370.0080588,engram-node04,361,BD6CAEACCF6529116167818191C4E40FB9A30754DCCC7B83BEA8582A01B0ACE5,False,SOVEREIGN,0,0,False,
1786087375.020779,engram-node01,361,BD6CAEACCF6529116167818191C4E40FB9A30754DCCC7B83BEA8582A01B0ACE5,False,SOVEREIGN,0,0,False,
1786087375.027779,engram-node02,361,BD6CAEACCF6529116167818191C4E40FB9A30754DCCC7B83BEA8582A01B0ACE5,False,SOVEREIGN,0,0,False,
1786087375.032966,engram-node03,361,BD6CAEACCF6529116167818191C4E40FB9A30754DCCC7B83BEA8582A01B0ACE5,False,SOVEREIGN,0,0,False,
1786087375.0381498,engram-node04,361,BD6CAEACCF6529116167818191C4E40FB9A30754DCCC7B83BEA8582A01B0ACE5,False,SOVEREIGN,0,0,False,
1786087380.047863,engram-node01,361,BD6CAEACCF6529116167818191C4E40FB9A30754DCCC7B83BEA8582A01B0ACE5,False,SOVEREIGN,0,0,False,
1786087380.0551522,engram-node02,361,BD6CAEACCF6529116167818191C4E40FB9A30754DCCC7B83BEA8582A01B0ACE5,False,SOVEREIGN,0,0,False,
1786087380.062465,engram-node03,361,BD6CAEACCF6529116167818191C4E40FB9A30754DCCC7B83BEA8582A01B0ACE5,False,SOVEREIGN,0,0,False,
1786087380.067552,engram-node04,361,BD6CAEACCF6529116167818191C4E40FB9A30754DCCC7B83BEA8582A01B0ACE5,False,SOVEREIGN,0,0,False,
1786087385.0761878,engram-node01,362,CC6D34B989CA842C376DDE8BAF8B387D3D08419373323501A603A9EF417453E4,False,SOVEREIGN,0,0,False,
1786087385.082655,engram-node02,362,CC6D34B989CA842C376DDE8BAF8B387D3D08419373323501A603A9EF417453E4,False,SOVEREIGN,0,0,False,
1786087385.088574,engram-node03,362,CC6D34B989CA842C376DDE8BAF8B387D3D08419373323501A603A9EF417453E4,False,SOVEREIGN,0,0,False,
1786087385.093378,engram-node04,362,CC6D34B989CA842C376DDE8BAF8B387D3D08419373323501A603A9EF417453E4,False,SOVEREIGN,0,0,False,
1786087390.1062,engram-node01,362,CC6D34B989CA842C376DDE8BAF8B387D3D08419373323501A603A9EF417453E4,False,SOVEREIGN,0,0,False,
1786087390.113716,engram-node02,362,CC6D34B989CA842C376DDE8BAF8B387D3D08419373323501A603A9EF417453E4,False,SOVEREIGN,0,0,False,
1786087390.119922,engram-node03,362,CC6D34B989CA842C376DDE8BAF8B387D3D08419373323501A603A9EF417453E4,False,SOVEREIGN,0,0,False,
1786087390.126178,engram-node04,362,CC6D34B989CA842C376DDE8BAF8B387D3D08419373323501A603A9EF417453E4,False,SOVEREIGN,0,0,False,
1786087395.132232,engram-node01,362,CC6D34B989CA842C376DDE8BAF8B387D3D08419373323501A603A9EF417453E4,False,SOVEREIGN,0,0,False,
1786087395.139762,engram-node02,362,CC6D34B989CA842C376DDE8BAF8B387D3D08419373323501A603A9EF417453E4,False,SOVEREIGN,0,0,False,
1786087395.148067,engram-node03,362,CC6D34B989CA842C376DDE8BAF8B387D3D08419373323501A603A9EF417453E4,False,SOVEREIGN,0,0,False,
1786087395.153506,engram-node04,362,CC6D34B989CA842C376DDE8BAF8B387D3D08419373323501A603A9EF417453E4,False,SOVEREIGN,0,0,False,
1786087400.186837,engram-node01,362,CC6D34B989CA842C376DDE8BAF8B387D3D08419373323501A603A9EF417453E4,False,SOVEREIGN,0,0,False,
1786087400.2046819,engram-node02,362,CC6D34B989CA842C376DDE8BAF8B387D3D08419373323501A603A9EF417453E4,False,SOVEREIGN,0,0,False,
1786087400.2088692,engram-node03,362,CC6D34B989CA842C376DDE8BAF8B387D3D08419373323501A603A9EF417453E4,False,SOVEREIGN,0,0,False,
1786087400.2129788,engram-node04,362,CC6D34B989CA842C376DDE8BAF8B387D3D08419373323501A603A9EF417453E4,False,SOVEREIGN,0,0,False,
1786087405.22689,engram-node01,362,CC6D34B989CA842C376DDE8BAF8B387D3D08419373323501A603A9EF417453E4,False,SOVEREIGN,0,0,False,
1786087405.248723,engram-node02,362,CC6D34B989CA842C376DDE8BAF8B387D3D08419373323501A603A9EF417453E4,False,SOVEREIGN,0,0,False,
1786087405.2630458,engram-node03,362,CC6D34B989CA842C376DDE8BAF8B387D3D08419373323501A603A9EF417453E4,False,SOVEREIGN,0,0,False,
1786087405.271067,engram-node04,362,CC6D34B989CA842C376DDE8BAF8B387D3D08419373323501A603A9EF417453E4,False,SOVEREIGN,0,0,False,
1786087410.287912,engram-node01,362,CC6D34B989CA842C376DDE8BAF8B387D3D08419373323501A603A9EF417453E4,False,SOVEREIGN,0,0,False,
1786087410.301447,engram-node02,362,CC6D34B989CA842C376DDE8BAF8B387D3D08419373323501A603A9EF417453E4,False,SOVEREIGN,0,0,False,
1786087410.308616,engram-node03,362,CC6D34B989CA842C376DDE8BAF8B387D3D08419373323501A603A9EF417453E4,False,SOVEREIGN,0,0,False,
1786087410.316246,engram-node04,362,CC6D34B989CA842C376DDE8BAF8B387D3D08419373323501A603A9EF417453E4,False,SOVEREIGN,0,0,False,
1786087415.3261921,engram-node01,362,CC6D34B989CA842C376DDE8BAF8B387D3D08419373323501A603A9EF417453E4,False,SOVEREIGN,0,0,False,
1786087415.331213,engram-node02,362,CC6D34B989CA842C376DDE8BAF8B387D3D08419373323501A603A9EF417453E4,False,SOVEREIGN,0,0,False,
1786087415.336359,engram-node03,362,CC6D34B989CA842C376DDE8BAF8B387D3D08419373323501A603A9EF417453E4,False,SOVEREIGN,0,0,False,
1786087415.339658,engram-node04,362,CC6D34B989CA842C376DDE8BAF8B387D3D08419373323501A603A9EF417453E4,False,SOVEREIGN,0,0,False,
1786087420.35258,engram-node01,362,CC6D34B989CA842C376DDE8BAF8B387D3D08419373323501A603A9EF417453E4,False,SOVEREIGN,0,0,False,
1786087420.3564868,engram-node02,362,CC6D34B989CA842C376DDE8BAF8B387D3D08419373323501A603A9EF417453E4,False,SOVEREIGN,0,0,False,
1786087420.359645,engram-node03,362,CC6D34B989CA842C376DDE8BAF8B387D3D08419373323501A603A9EF417453E4,False,SOVEREIGN,0,0,False,
1786087420.362668,engram-node04,362,CC6D34B989CA842C376DDE8BAF8B387D3D08419373323501A603A9EF417453E4,False,SOVEREIGN,0,0,False,
1786087425.375575,engram-node01,362,CC6D34B989CA842C376DDE8BAF8B387D3D08419373323501A603A9EF417453E4,False,SOVEREIGN,0,0,False,
1786087425.384009,engram-node02,362,CC6D34B989CA842C376DDE8BAF8B387D3D08419373323501A603A9EF417453E4,False,SOVEREIGN,0,0,False,
1786087425.391733,engram-node03,362,CC6D34B989CA842C376DDE8BAF8B387D3D08419373323501A603A9EF417453E4,False,SOVEREIGN,0,0,False,
1786087425.400744,engram-node04,362,CC6D34B989CA842C376DDE8BAF8B387D3D08419373323501A603A9EF417453E4,False,SOVEREIGN,0,0,False,
1786087430.409125,engram-node01,362,CC6D34B989CA842C376DDE8BAF8B387D3D08419373323501A603A9EF417453E4,False,SOVEREIGN,0,0,False,
1786087430.41994,engram-node02,362,CC6D34B989CA842C376DDE8BAF8B387D3D08419373323501A603A9EF417453E4,False,SOVEREIGN,0,0,False,
1786087430.4386308,engram-node03,362,CC6D34B989CA842C376DDE8BAF8B387D3D08419373323501A603A9EF417453E4,False,SOVEREIGN,0,0,False,
1786087430.4476879,engram-node04,362,CC6D34B989CA842C376DDE8BAF8B387D3D08419373323501A603A9EF417453E4,False,SOVEREIGN,0,0,False,
1786087435.461718,engram-node01,362,CC6D34B989CA842C376DDE8BAF8B387D3D08419373323501A603A9EF417453E4,False,SOVEREIGN,0,0,False,
1786087435.47629,engram-node02,362,CC6D34B989CA842C376DDE8BAF8B387D3D08419373323501A603A9EF417453E4,False,SOVEREIGN,0,0,False,
1786087435.490338,engram-node03,362,CC6D34B989CA842C376DDE8BAF8B387D3D08419373323501A603A9EF417453E4,False,SOVEREIGN,0,0,False,
1786087435.506366,engram-node04,362,CC6D34B989CA842C376DDE8BAF8B387D3D08419373323501A603A9EF417453E4,False,SOVEREIGN,0,0,False,
1786087440.5264971,engram-node01,362,CC6D34B989CA842C376DDE8BAF8B387D3D08419373323501A603A9EF417453E4,False,SOVEREIGN,0,0,False,
1786087440.585939,engram-node02,362,CC6D34B989CA842C376DDE8BAF8B387D3D08419373323501A603A9EF417453E4,False,SOVEREIGN,0,0,False,
1786087440.6071758,engram-node03,362,CC6D34B989CA842C376DDE8BAF8B387D3D08419373323501A603A9EF417453E4,False,SOVEREIGN,0,0,False,
1786087440.612891,engram-node04,362,CC6D34B989CA842C376DDE8BAF8B387D3D08419373323501A603A9EF417453E4,False,SOVEREIGN,0,0,False,
1786087445.626716,engram-node01,363,67EE4947031743F97B76D6B689C90D2AC9BEF9863DD5F0E3F423A0CB30258229,False,SOVEREIGN,0,0,False,
1786087445.635065,engram-node02,363,67EE4947031743F97B76D6B689C90D2AC9BEF9863DD5F0E3F423A0CB30258229,False,SOVEREIGN,0,0,False,
1786087445.639223,engram-node03,363,67EE4947031743F97B76D6B689C90D2AC9BEF9863DD5F0E3F423A0CB30258229,False,SOVEREIGN,0,0,False,
1786087445.642858,engram-node04,363,67EE4947031743F97B76D6B689C90D2AC9BEF9863DD5F0E3F423A0CB30258229,False,SOVEREIGN,0,0,False,
1786087450.656144,engram-node01,363,67EE4947031743F97B76D6B689C90D2AC9BEF9863DD5F0E3F423A0CB30258229,False,SOVEREIGN,0,0,False,
1786087450.667663,engram-node02,363,67EE4947031743F97B76D6B689C90D2AC9BEF9863DD5F0E3F423A0CB30258229,False,SOVEREIGN,0,0,False,
1786087450.6746051,engram-node03,363,67EE4947031743F97B76D6B689C90D2AC9BEF9863DD5F0E3F423A0CB30258229,False,SOVEREIGN,0,0,False,
1786087450.685673,engram-node04,363,67EE4947031743F97B76D6B689C90D2AC9BEF9863DD5F0E3F423A0CB30258229,False,SOVEREIGN,0,0,False,
1786087455.709693,engram-node01,363,67EE4947031743F97B76D6B689C90D2AC9BEF9863DD5F0E3F423A0CB30258229,False,SOVEREIGN,0,0,False,
1786087455.716769,engram-node02,363,67EE4947031743F97B76D6B689C90D2AC9BEF9863DD5F0E3F423A0CB30258229,False,SOVEREIGN,0,0,False,
1786087455.7250402,engram-node03,363,67EE4947031743F97B76D6B689C90D2AC9BEF9863DD5F0E3F423A0CB30258229,False,SOVEREIGN,0,0,False,
1786087455.730227,engram-node04,363,67EE4947031743F97B76D6B689C90D2AC9BEF9863DD5F0E3F423A0CB30258229,False,SOVEREIGN,0,0,False,
1786087460.74342,engram-node01,363,67EE4947031743F97B76D6B689C90D2AC9BEF9863DD5F0E3F423A0CB30258229,False,SOVEREIGN,0,0,False,
1786087460.753991,engram-node02,363,67EE4947031743F97B76D6B689C90D2AC9BEF9863DD5F0E3F423A0CB30258229,False,SOVEREIGN,0,0,False,
1786087460.7669919,engram-node03,363,67EE4947031743F97B76D6B689C90D2AC9BEF9863DD5F0E3F423A0CB30258229,False,SOVEREIGN,0,0,False,
1786087460.775902,engram-node04,363,67EE4947031743F97B76D6B689C90D2AC9BEF9863DD5F0E3F423A0CB30258229,False,SOVEREIGN,0,0,False,
1786087465.794792,engram-node01,363,67EE4947031743F97B76D6B689C90D2AC9BEF9863DD5F0E3F423A0CB30258229,False,SOVEREIGN,0,0,False,
1786087465.802311,engram-node02,363,67EE4947031743F97B76D6B689C90D2AC9BEF9863DD5F0E3F423A0CB30258229,False,SOVEREIGN,0,0,False,
1786087465.808355,engram-node03,363,67EE4947031743F97B76D6B689C90D2AC9BEF9863DD5F0E3F423A0CB30258229,False,SOVEREIGN,0,0,False,
1786087465.813241,engram-node04,363,67EE4947031743F97B76D6B689C90D2AC9BEF9863DD5F0E3F423A0CB30258229,False,SOVEREIGN,0,0,False,
1786087470.819787,engram-node01,363,67EE4947031743F97B76D6B689C90D2AC9BEF9863DD5F0E3F423A0CB30258229,False,SOVEREIGN,0,0,False,
1786087470.824215,engram-node02,363,67EE4947031743F97B76D6B689C90D2AC9BEF9863DD5F0E3F423A0CB30258229,False,SOVEREIGN,0,0,False,
1786087470.827594,engram-node03,363,67EE4947031743F97B76D6B689C90D2AC9BEF9863DD5F0E3F423A0CB30258229,False,SOVEREIGN,0,0,False,
1786087470.83042,engram-node04,363,67EE4947031743F97B76D6B689C90D2AC9BEF9863DD5F0E3F423A0CB30258229,False,SOVEREIGN,0,0,False,
1786087475.8404438,engram-node01,363,67EE4947031743F97B76D6B689C90D2AC9BEF9863DD5F0E3F423A0CB30258229,False,SOVEREIGN,0,0,False,
1786087475.847681,engram-node02,363,67EE4947031743F97B76D6B689C90D2AC9BEF9863DD5F0E3F423A0CB30258229,False,SOVEREIGN,0,0,False,
1786087475.853293,engram-node03,363,67EE4947031743F97B76D6B689C90D2AC9BEF9863DD5F0E3F423A0CB30258229,False,SOVEREIGN,0,0,False,
1786087475.85884,engram-node04,363,67EE4947031743F97B76D6B689C90D2AC9BEF9863DD5F0E3F423A0CB30258229,False,SOVEREIGN,0,0,False,
1786087480.874613,engram-node01,363,67EE4947031743F97B76D6B689C90D2AC9BEF9863DD5F0E3F423A0CB30258229,False,SOVEREIGN,0,0,False,
1786087480.88006,engram-node02,363,67EE4947031743F97B76D6B689C90D2AC9BEF9863DD5F0E3F423A0CB30258229,False,SOVEREIGN,0,0,False,
1786087480.883924,engram-node03,363,67EE4947031743F97B76D6B689C90D2AC9BEF9863DD5F0E3F423A0CB30258229,False,SOVEREIGN,0,0,False,
1786087480.887223,engram-node04,363,67EE4947031743F97B76D6B689C90D2AC9BEF9863DD5F0E3F423A0CB30258229,False,SOVEREIGN,0,0,False,
1786087485.9013052,engram-node01,363,67EE4947031743F97B76D6B689C90D2AC9BEF9863DD5F0E3F423A0CB30258229,False,SOVEREIGN,0,0,False,
1786087485.905848,engram-node02,363,67EE4947031743F97B76D6B689C90D2AC9BEF9863DD5F0E3F423A0CB30258229,False,SOVEREIGN,0,0,False,
1786087485.909618,engram-node03,363,67EE4947031743F97B76D6B689C90D2AC9BEF9863DD5F0E3F423A0CB30258229,False,SOVEREIGN,0,0,False,
1786087485.913431,engram-node04,363,67EE4947031743F97B76D6B689C90D2AC9BEF9863DD5F0E3F423A0CB30258229,False,SOVEREIGN,0,0,False,
1786087490.926077,engram-node01,363,67EE4947031743F97B76D6B689C90D2AC9BEF9863DD5F0E3F423A0CB30258229,False,SOVEREIGN,0,0,False,
1786087490.935194,engram-node02,363,67EE4947031743F97B76D6B689C90D2AC9BEF9863DD5F0E3F423A0CB30258229,False,SOVEREIGN,0,0,False,
1786087490.944725,engram-node03,363,67EE4947031743F97B76D6B689C90D2AC9BEF9863DD5F0E3F423A0CB30258229,False,SOVEREIGN,0,0,False,
1786087490.949277,engram-node04,363,67EE4947031743F97B76D6B689C90D2AC9BEF9863DD5F0E3F423A0CB30258229,False,SOVEREIGN,0,0,False,
1786087495.9571068,engram-node01,363,67EE4947031743F97B76D6B689C90D2AC9BEF9863DD5F0E3F423A0CB30258229,False,SOVEREIGN,0,0,False,
1786087495.966024,engram-node02,363,67EE4947031743F97B76D6B689C90D2AC9BEF9863DD5F0E3F423A0CB30258229,False,SOVEREIGN,0,0,False,
1786087495.970942,engram-node03,363,67EE4947031743F97B76D6B689C90D2AC9BEF9863DD5F0E3F423A0CB30258229,False,SOVEREIGN,0,0,False,
1786087495.9743302,engram-node04,363,67EE4947031743F97B76D6B689C90D2AC9BEF9863DD5F0E3F423A0CB30258229,False,SOVEREIGN,0,0,False,
1786087500.9878862,engram-node01,363,67EE4947031743F97B76D6B689C90D2AC9BEF9863DD5F0E3F423A0CB30258229,False,SOVEREIGN,0,0,False,
1786087500.9954681,engram-node02,363,67EE4947031743F97B76D6B689C90D2AC9BEF9863DD5F0E3F423A0CB30258229,False,SOVEREIGN,0,0,False,
1786087500.999975,engram-node03,363,67EE4947031743F97B76D6B689C90D2AC9BEF9863DD5F0E3F423A0CB30258229,False,SOVEREIGN,0,0,False,
1786087501.0029042,engram-node04,363,67EE4947031743F97B76D6B689C90D2AC9BEF9863DD5F0E3F423A0CB30258229,False,SOVEREIGN,0,0,False,
1786087506.0163891,engram-node01,364,69506EEBF0BB9486F2F3981AEA47F05063217631F02A6A3870FB074AD4003724,False,SOVEREIGN,0,0,False,
1786087506.02107,engram-node02,364,69506EEBF0BB9486F2F3981AEA47F05063217631F02A6A3870FB074AD4003724,False,SOVEREIGN,0,0,False,
1786087506.0245912,engram-node03,364,69506EEBF0BB9486F2F3981AEA47F05063217631F02A6A3870FB074AD4003724,False,SOVEREIGN,0,0,False,
1786087506.02767,engram-node04,364,69506EEBF0BB9486F2F3981AEA47F05063217631F02A6A3870FB074AD4003724,False,SOVEREIGN,0,0,False,
1786087511.039577,engram-node01,365,8998BC838B2CB0E23BC2B707B08A88353B65D497419BFB2CA19273684AD4DF8D,False,SOVEREIGN,0,0,False,
1786087511.0462132,engram-node02,365,8998BC838B2CB0E23BC2B707B08A88353B65D497419BFB2CA19273684AD4DF8D,False,SOVEREIGN,0,0,False,
1786087511.051459,engram-node03,365,8998BC838B2CB0E23BC2B707B08A88353B65D497419BFB2CA19273684AD4DF8D,False,SOVEREIGN,0,0,False,
1786087511.056704,engram-node04,365,8998BC838B2CB0E23BC2B707B08A88353B65D497419BFB2CA19273684AD4DF8D,False,SOVEREIGN,0,0,False,
1786087516.071693,engram-node01,365,8998BC838B2CB0E23BC2B707B08A88353B65D497419BFB2CA19273684AD4DF8D,False,SOVEREIGN,0,0,False,
1786087516.0780978,engram-node02,365,8998BC838B2CB0E23BC2B707B08A88353B65D497419BFB2CA19273684AD4DF8D,False,SOVEREIGN,0,0,False,
1786087516.0811992,engram-node03,365,8998BC838B2CB0E23BC2B707B08A88353B65D497419BFB2CA19273684AD4DF8D,False,SOVEREIGN,0,0,False,
1786087516.0840142,engram-node04,365,8998BC838B2CB0E23BC2B707B08A88353B65D497419BFB2CA19273684AD4DF8D,False,SOVEREIGN,0,0,False,
1786087521.0912051,engram-node01,366,0C698532DD31BBA2AEC0EC6895AF2B2B760C71B1122C6D4A8B54DDF90E299CCF,False,SOVEREIGN,0,0,False,
1786087521.0966148,engram-node02,366,0C698532DD31BBA2AEC0EC6895AF2B2B760C71B1122C6D4A8B54DDF90E299CCF,False,SOVEREIGN,0,0,False,
1786087521.100271,engram-node03,366,0C698532DD31BBA2AEC0EC6895AF2B2B760C71B1122C6D4A8B54DDF90E299CCF,False,SOVEREIGN,0,0,False,
1786087521.1037362,engram-node04,366,0C698532DD31BBA2AEC0EC6895AF2B2B760C71B1122C6D4A8B54DDF90E299CCF,False,SOVEREIGN,0,0,False,
1786087526.117573,engram-node01,366,0C698532DD31BBA2AEC0EC6895AF2B2B760C71B1122C6D4A8B54DDF90E299CCF,False,SOVEREIGN,0,0,False,
1786087526.1247108,engram-node02,366,0C698532DD31BBA2AEC0EC6895AF2B2B760C71B1122C6D4A8B54DDF90E299CCF,False,SOVEREIGN,0,0,False,
1786087526.1299388,engram-node03,366,0C698532DD31BBA2AEC0EC6895AF2B2B760C71B1122C6D4A8B54DDF90E299CCF,False,SOVEREIGN,0,0,False,
1786087526.136081,engram-node04,366,0C698532DD31BBA2AEC0EC6895AF2B2B760C71B1122C6D4A8B54DDF90E299CCF,False,SOVEREIGN,0,0,False,
1786087531.143542,engram-node01,366,0C698532DD31BBA2AEC0EC6895AF2B2B760C71B1122C6D4A8B54DDF90E299CCF,False,SOVEREIGN,0,0,False,
1786087531.150455,engram-node02,366,0C698532DD31BBA2AEC0EC6895AF2B2B760C71B1122C6D4A8B54DDF90E299CCF,False,SOVEREIGN,0,0,False,
1786087531.1554182,engram-node03,366,0C698532DD31BBA2AEC0EC6895AF2B2B760C71B1122C6D4A8B54DDF90E299CCF,False,SOVEREIGN,0,0,False,
1786087531.160369,engram-node04,366,0C698532DD31BBA2AEC0EC6895AF2B2B760C71B1122C6D4A8B54DDF90E299CCF,False,SOVEREIGN,0,0,False,
1786087536.169298,engram-node01,367,7CB87810EE9175CEC64976BCB7DB3E51BBFD81214C2A2CB07D1CFAEF8FCD7317,False,SOVEREIGN,0,0,False,
1786087536.178072,engram-node02,367,7CB87810EE9175CEC64976BCB7DB3E51BBFD81214C2A2CB07D1CFAEF8FCD7317,False,SOVEREIGN,0,0,False,
1786087536.1846669,engram-node03,367,7CB87810EE9175CEC64976BCB7DB3E51BBFD81214C2A2CB07D1CFAEF8FCD7317,False,SOVEREIGN,0,0,False,
1786087536.189013,engram-node04,367,7CB87810EE9175CEC64976BCB7DB3E51BBFD81214C2A2CB07D1CFAEF8FCD7317,False,SOVEREIGN,0,0,False,
1786087541.197151,engram-node01,367,7CB87810EE9175CEC64976BCB7DB3E51BBFD81214C2A2CB07D1CFAEF8FCD7317,False,SOVEREIGN,0,0,False,
1786087541.205143,engram-node02,367,7CB87810EE9175CEC64976BCB7DB3E51BBFD81214C2A2CB07D1CFAEF8FCD7317,False,SOVEREIGN,0,0,False,
1786087541.212002,engram-node03,367,7CB87810EE9175CEC64976BCB7DB3E51BBFD81214C2A2CB07D1CFAEF8FCD7317,False,SOVEREIGN,0,0,False,
1786087541.21663,engram-node04,367,7CB87810EE9175CEC64976BCB7DB3E51BBFD81214C2A2CB07D1CFAEF8FCD7317,False,SOVEREIGN,0,0,False,
1786087546.230488,engram-node01,368,D0AAF421F14B9276C4CA485F2160D4AF97E918E7DCCC12F3CC028DA1CA86850A,False,SOVEREIGN,0,0,False,
1786087546.239798,engram-node02,368,D0AAF421F14B9276C4CA485F2160D4AF97E918E7DCCC12F3CC028DA1CA86850A,False,SOVEREIGN,0,0,False,
1786087546.2471292,engram-node03,368,D0AAF421F14B9276C4CA485F2160D4AF97E918E7DCCC12F3CC028DA1CA86850A,False,SOVEREIGN,0,0,False,
1786087546.253354,engram-node04,368,D0AAF421F14B9276C4CA485F2160D4AF97E918E7DCCC12F3CC028DA1CA86850A,False,SOVEREIGN,0,0,False,
1786087551.2682738,engram-node01,369,6FA3F636687EA62FA5981B00EB0D0FC72AF54ACE415EAFEB38687C7D4D797BE2,False,SOVEREIGN,0,0,False,
1786087551.27497,engram-node02,369,6FA3F636687EA62FA5981B00EB0D0FC72AF54ACE415EAFEB38687C7D4D797BE2,False,SOVEREIGN,0,0,False,
1786087551.2820559,engram-node03,369,6FA3F636687EA62FA5981B00EB0D0FC72AF54ACE415EAFEB38687C7D4D797BE2,False,SOVEREIGN,0,0,False,
1786087551.290338,engram-node04,369,6FA3F636687EA62FA5981B00EB0D0FC72AF54ACE415EAFEB38687C7D4D797BE2,False,SOVEREIGN,0,0,False,
1786087556.3032918,engram-node01,369,6FA3F636687EA62FA5981B00EB0D0FC72AF54ACE415EAFEB38687C7D4D797BE2,False,SOVEREIGN,0,0,False,
1786087556.309709,engram-node02,369,6FA3F636687EA62FA5981B00EB0D0FC72AF54ACE415EAFEB38687C7D4D797BE2,False,SOVEREIGN,0,0,False,
1786087556.314608,engram-node03,369,6FA3F636687EA62FA5981B00EB0D0FC72AF54ACE415EAFEB38687C7D4D797BE2,False,SOVEREIGN,0,0,False,
1786087556.319395,engram-node04,369,6FA3F636687EA62FA5981B00EB0D0FC72AF54ACE415EAFEB38687C7D4D797BE2,False,SOVEREIGN,0,0,False,
1786087561.3335192,engram-node01,370,17418BE7FDD4A6B19A07A75FCCDA08FD880A1D942CDAFE71CE194448B019070C,False,SOVEREIGN,0,0,False,
1786087561.343524,engram-node02,370,17418BE7FDD4A6B19A07A75FCCDA08FD880A1D942CDAFE71CE194448B019070C,False,SOVEREIGN,0,0,False,
1786087561.351157,engram-node03,370,17418BE7FDD4A6B19A07A75FCCDA08FD880A1D942CDAFE71CE194448B019070C,False,SOVEREIGN,0,0,False,
1786087561.357912,engram-node04,370,17418BE7FDD4A6B19A07A75FCCDA08FD880A1D942CDAFE71CE194448B019070C,False,SOVEREIGN,0,0,False,
1786087566.363924,engram-node01,370,17418BE7FDD4A6B19A07A75FCCDA08FD880A1D942CDAFE71CE194448B019070C,False,SOVEREIGN,0,0,False,
1786087566.372239,engram-node02,370,17418BE7FDD4A6B19A07A75FCCDA08FD880A1D942CDAFE71CE194448B019070C,False,SOVEREIGN,0,0,False,
1786087566.377202,engram-node03,370,17418BE7FDD4A6B19A07A75FCCDA08FD880A1D942CDAFE71CE194448B019070C,False,SOVEREIGN,0,0,False,
1786087566.380842,engram-node04,370,17418BE7FDD4A6B19A07A75FCCDA08FD880A1D942CDAFE71CE194448B019070C,False,SOVEREIGN,0,0,False,
1786087571.387149,engram-node01,370,17418BE7FDD4A6B19A07A75FCCDA08FD880A1D942CDAFE71CE194448B019070C,False,SOVEREIGN,0,0,False,
1786087571.392915,engram-node02,370,17418BE7FDD4A6B19A07A75FCCDA08FD880A1D942CDAFE71CE194448B019070C,False,SOVEREIGN,0,0,False,
1786087571.398638,engram-node03,370,17418BE7FDD4A6B19A07A75FCCDA08FD880A1D942CDAFE71CE194448B019070C,False,SOVEREIGN,0,0,False,
1786087571.403572,engram-node04,370,17418BE7FDD4A6B19A07A75FCCDA08FD880A1D942CDAFE71CE194448B019070C,False,SOVEREIGN,0,0,False,
1786087576.4141052,engram-node01,371,B44DA2FE520F5F61BF6C8C48BC67A0F64082DF07A5B64A7711AFCA191A211460,False,SOVEREIGN,0,0,False,
1786087576.422543,engram-node02,371,B44DA2FE520F5F61BF6C8C48BC67A0F64082DF07A5B64A7711AFCA191A211460,False,SOVEREIGN,0,0,False,
1786087576.427555,engram-node03,371,B44DA2FE520F5F61BF6C8C48BC67A0F64082DF07A5B64A7711AFCA191A211460,False,SOVEREIGN,0,0,False,
1786087576.4317172,engram-node04,371,B44DA2FE520F5F61BF6C8C48BC67A0F64082DF07A5B64A7711AFCA191A211460,False,SOVEREIGN,0,0,False,
1786087581.4423108,engram-node01,371,B44DA2FE520F5F61BF6C8C48BC67A0F64082DF07A5B64A7711AFCA191A211460,False,SOVEREIGN,0,0,False,
1786087581.44864,engram-node02,371,B44DA2FE520F5F61BF6C8C48BC67A0F64082DF07A5B64A7711AFCA191A211460,False,SOVEREIGN,0,0,False,
1786087581.452811,engram-node03,371,B44DA2FE520F5F61BF6C8C48BC67A0F64082DF07A5B64A7711AFCA191A211460,False,SOVEREIGN,0,0,False,
1786087581.455817,engram-node04,371,B44DA2FE520F5F61BF6C8C48BC67A0F64082DF07A5B64A7711AFCA191A211460,False,SOVEREIGN,0,0,False,
1786087586.464803,engram-node01,372,5C94DAAA3AE43EA1B86D549614BB69DD9AD6BDE3EDD806ECC0C60D5EFDDAA54F,False,SOVEREIGN,0,0,False,
1786087586.471437,engram-node02,372,5C94DAAA3AE43EA1B86D549614BB69DD9AD6BDE3EDD806ECC0C60D5EFDDAA54F,False,SOVEREIGN,0,0,False,
1786087586.475661,engram-node03,372,5C94DAAA3AE43EA1B86D549614BB69DD9AD6BDE3EDD806ECC0C60D5EFDDAA54F,False,SOVEREIGN,0,0,False,
1786087586.48084,engram-node04,372,5C94DAAA3AE43EA1B86D549614BB69DD9AD6BDE3EDD806ECC0C60D5EFDDAA54F,False,SOVEREIGN,0,0,False,
1786087591.494864,engram-node01,372,5C94DAAA3AE43EA1B86D549614BB69DD9AD6BDE3EDD806ECC0C60D5EFDDAA54F,False,SOVEREIGN,0,0,False,
1786087591.5033548,engram-node02,372,5C94DAAA3AE43EA1B86D549614BB69DD9AD6BDE3EDD806ECC0C60D5EFDDAA54F,False,SOVEREIGN,0,0,False,
1786087591.510713,engram-node03,372,5C94DAAA3AE43EA1B86D549614BB69DD9AD6BDE3EDD806ECC0C60D5EFDDAA54F,False,SOVEREIGN,0,0,False,
1786087591.5169768,engram-node04,372,5C94DAAA3AE43EA1B86D549614BB69DD9AD6BDE3EDD806ECC0C60D5EFDDAA54F,False,SOVEREIGN,0,0,False,
1786087596.530922,engram-node01,373,4CA051F1B7BA1CD09B054C85F16B04820FC8BCB392E01F55126C090DC4448E2D,False,SOVEREIGN,0,0,False,
1786087596.5404558,engram-node02,373,4CA051F1B7BA1CD09B054C85F16B04820FC8BCB392E01F55126C090DC4448E2D,False,SOVEREIGN,0,0,False,
1786087596.5470111,engram-node03,373,4CA051F1B7BA1CD09B054C85F16B04820FC8BCB392E01F55126C090DC4448E2D,False,SOVEREIGN,0,0,False,
1786087596.5527391,engram-node04,373,4CA051F1B7BA1CD09B054C85F16B04820FC8BCB392E01F55126C090DC4448E2D,False,SOVEREIGN,0,0,False,
1786087601.567959,engram-node01,373,4CA051F1B7BA1CD09B054C85F16B04820FC8BCB392E01F55126C090DC4448E2D,False,SOVEREIGN,0,0,False,
1786087601.576153,engram-node02,373,4CA051F1B7BA1CD09B054C85F16B04820FC8BCB392E01F55126C090DC4448E2D,False,SOVEREIGN,0,0,False,
1786087601.5844748,engram-node03,373,4CA051F1B7BA1CD09B054C85F16B04820FC8BCB392E01F55126C090DC4448E2D,False,SOVEREIGN,0,0,False,
1786087601.5917351,engram-node04,373,4CA051F1B7BA1CD09B054C85F16B04820FC8BCB392E01F55126C090DC4448E2D,False,SOVEREIGN,0,0,False,
1786087606.605221,engram-node01,373,4CA051F1B7BA1CD09B054C85F16B04820FC8BCB392E01F55126C090DC4448E2D,False,SOVEREIGN,0,0,False,
1786087606.612412,engram-node02,373,4CA051F1B7BA1CD09B054C85F16B04820FC8BCB392E01F55126C090DC4448E2D,False,SOVEREIGN,0,0,False,
1786087606.6195982,engram-node03,373,4CA051F1B7BA1CD09B054C85F16B04820FC8BCB392E01F55126C090DC4448E2D,False,SOVEREIGN,0,0,False,
1786087606.6255229,engram-node04,373,4CA051F1B7BA1CD09B054C85F16B04820FC8BCB392E01F55126C090DC4448E2D,False,SOVEREIGN,0,0,False,
1786087611.6411352,engram-node01,373,4CA051F1B7BA1CD09B054C85F16B04820FC8BCB392E01F55126C090DC4448E2D,False,SOVEREIGN,0,0,False,
1786087611.652076,engram-node02,373,4CA051F1B7BA1CD09B054C85F16B04820FC8BCB392E01F55126C090DC4448E2D,False,SOVEREIGN,0,0,False,
1786087611.6592908,engram-node03,373,4CA051F1B7BA1CD09B054C85F16B04820FC8BCB392E01F55126C090DC4448E2D,False,SOVEREIGN,0,0,False,
1786087611.664106,engram-node04,373,4CA051F1B7BA1CD09B054C85F16B04820FC8BCB392E01F55126C090DC4448E2D,False,SOVEREIGN,0,0,False,
1786087616.67579,engram-node01,374,1D13D5C0F87B7F3216F0136672E3C83C83E62F8233C8D82DA5F4732D2AE10979,False,SOVEREIGN,0,0,False,
1786087616.68122,engram-node02,374,1D13D5C0F87B7F3216F0136672E3C83C83E62F8233C8D82DA5F4732D2AE10979,False,SOVEREIGN,0,0,False,
1786087616.685371,engram-node03,374,1D13D5C0F87B7F3216F0136672E3C83C83E62F8233C8D82DA5F4732D2AE10979,False,SOVEREIGN,0,0,False,
1786087616.689606,engram-node04,374,1D13D5C0F87B7F3216F0136672E3C83C83E62F8233C8D82DA5F4732D2AE10979,False,SOVEREIGN,0,0,False,
1786087621.7048872,engram-node01,374,1D13D5C0F87B7F3216F0136672E3C83C83E62F8233C8D82DA5F4732D2AE10979,False,SOVEREIGN,0,0,False,
1786087621.710783,engram-node02,374,1D13D5C0F87B7F3216F0136672E3C83C83E62F8233C8D82DA5F4732D2AE10979,False,SOVEREIGN,0,0,False,
1786087621.7145312,engram-node03,374,1D13D5C0F87B7F3216F0136672E3C83C83E62F8233C8D82DA5F4732D2AE10979,False,SOVEREIGN,0,0,False,
1786087621.7177951,engram-node04,374,1D13D5C0F87B7F3216F0136672E3C83C83E62F8233C8D82DA5F4732D2AE10979,False,SOVEREIGN,0,0,False,
1786087626.822171,engram-node01,375,AB7C553C59D812E815113BC66F29565D70140072E0FF943F0146B73807D8CDE5,False,SOVEREIGN,0,0,False,
1786087626.832744,engram-node02,375,AB7C553C59D812E815113BC66F29565D70140072E0FF943F0146B73807D8CDE5,False,SOVEREIGN,0,0,False,
1786087626.838494,engram-node03,375,AB7C553C59D812E815113BC66F29565D70140072E0FF943F0146B73807D8CDE5,False,SOVEREIGN,0,0,False,
1786087626.842901,engram-node04,375,AB7C553C59D812E815113BC66F29565D70140072E0FF943F0146B73807D8CDE5,False,SOVEREIGN,0,0,False,
1786087631.854391,engram-node01,375,AB7C553C59D812E815113BC66F29565D70140072E0FF943F0146B73807D8CDE5,False,SOVEREIGN,0,0,False,
1786087631.861703,engram-node02,375,AB7C553C59D812E815113BC66F29565D70140072E0FF943F0146B73807D8CDE5,False,SOVEREIGN,0,0,False,
1786087631.867415,engram-node03,375,AB7C553C59D812E815113BC66F29565D70140072E0FF943F0146B73807D8CDE5,False,SOVEREIGN,0,0,False,
1786087631.874434,engram-node04,375,AB7C553C59D812E815113BC66F29565D70140072E0FF943F0146B73807D8CDE5,False,SOVEREIGN,0,0,False,
1786087636.890837,engram-node01,376,5ABDBEB872A7856E53CE6E25413E9559F186211FE7922D98C5E65004FEF74808,False,SOVEREIGN,0,0,False,
1786087636.899575,engram-node02,376,5ABDBEB872A7856E53CE6E25413E9559F186211FE7922D98C5E65004FEF74808,False,SOVEREIGN,0,0,False,
1786087636.905121,engram-node03,376,5ABDBEB872A7856E53CE6E25413E9559F186211FE7922D98C5E65004FEF74808,False,SOVEREIGN,0,0,False,
1786087636.909821,engram-node04,376,5ABDBEB872A7856E53CE6E25413E9559F186211FE7922D98C5E65004FEF74808,False,SOVEREIGN,0,0,False,
1786087641.915606,engram-node01,376,5ABDBEB872A7856E53CE6E25413E9559F186211FE7922D98C5E65004FEF74808,False,SOVEREIGN,0,0,False,
1786087641.9228532,engram-node02,376,5ABDBEB872A7856E53CE6E25413E9559F186211FE7922D98C5E65004FEF74808,False,SOVEREIGN,0,0,False,
1786087641.928318,engram-node03,376,5ABDBEB872A7856E53CE6E25413E9559F186211FE7922D98C5E65004FEF74808,False,SOVEREIGN,0,0,False,
1786087641.9329972,engram-node04,376,5ABDBEB872A7856E53CE6E25413E9559F186211FE7922D98C5E65004FEF74808,False,SOVEREIGN,0,0,False,
1786087646.938741,engram-node01,377,98E98049428D7E0E8008E49020504A03FEE400328ECFCDAE1801CE46EDF4D95D,False,SOVEREIGN,0,0,False,
1786087646.9485838,engram-node02,377,98E98049428D7E0E8008E49020504A03FEE400328ECFCDAE1801CE46EDF4D95D,False,SOVEREIGN,0,0,False,
1786087646.953886,engram-node03,377,98E98049428D7E0E8008E49020504A03FEE400328ECFCDAE1801CE46EDF4D95D,False,SOVEREIGN,0,0,False,
1786087646.9580789,engram-node04,377,98E98049428D7E0E8008E49020504A03FEE400328ECFCDAE1801CE46EDF4D95D,False,SOVEREIGN,0,0,False,
1786087651.962642,engram-node01,378,5EE29927BF6340589AE783AD5E98C81CBCC7CF39C5062014829B8A9958AD007D,False,SOVEREIGN,0,0,False,
1786087651.9721322,engram-node02,378,5EE29927BF6340589AE783AD5E98C81CBCC7CF39C5062014829B8A9958AD007D,False,SOVEREIGN,0,0,False,
1786087651.977479,engram-node03,378,5EE29927BF6340589AE783AD5E98C81CBCC7CF39C5062014829B8A9958AD007D,False,SOVEREIGN,0,0,False,
1786087651.9818099,engram-node04,378,5EE29927BF6340589AE783AD5E98C81CBCC7CF39C5062014829B8A9958AD007D,False,SOVEREIGN,0,0,False,
1786087656.988479,engram-node01,378,5EE29927BF6340589AE783AD5E98C81CBCC7CF39C5062014829B8A9958AD007D,False,SOVEREIGN,0,0,False,
1786087656.99963,engram-node02,378,5EE29927BF6340589AE783AD5E98C81CBCC7CF39C5062014829B8A9958AD007D,False,SOVEREIGN,0,0,False,
1786087657.006036,engram-node03,378,5EE29927BF6340589AE783AD5E98C81CBCC7CF39C5062014829B8A9958AD007D,False,SOVEREIGN,0,0,False,
1786087657.010674,engram-node04,378,5EE29927BF6340589AE783AD5E98C81CBCC7CF39C5062014829B8A9958AD007D,False,SOVEREIGN,0,0,False,
1786087662.0208871,engram-node01,378,5EE29927BF6340589AE783AD5E98C81CBCC7CF39C5062014829B8A9958AD007D,False,SOVEREIGN,0,0,False,
1786087662.0297909,engram-node02,378,5EE29927BF6340589AE783AD5E98C81CBCC7CF39C5062014829B8A9958AD007D,False,SOVEREIGN,0,0,False,
1786087662.034863,engram-node03,378,5EE29927BF6340589AE783AD5E98C81CBCC7CF39C5062014829B8A9958AD007D,False,SOVEREIGN,0,0,False,
1786087662.040677,engram-node04,378,5EE29927BF6340589AE783AD5E98C81CBCC7CF39C5062014829B8A9958AD007D,False,SOVEREIGN,0,0,False,
1786087667.055789,engram-node01,379,59D2531AD783BC740B50FE66342D4C660D2F50B8163DA1F803F240FD71C6D145,False,SOVEREIGN,0,0,False,
1786087667.068209,engram-node02,379,59D2531AD783BC740B50FE66342D4C660D2F50B8163DA1F803F240FD71C6D145,False,SOVEREIGN,0,0,False,
1786087667.075391,engram-node03,379,59D2531AD783BC740B50FE66342D4C660D2F50B8163DA1F803F240FD71C6D145,False,SOVEREIGN,0,0,False,
1786087667.080022,engram-node04,379,59D2531AD783BC740B50FE66342D4C660D2F50B8163DA1F803F240FD71C6D145,False,SOVEREIGN,0,0,False,
1786087672.091907,engram-node01,379,59D2531AD783BC740B50FE66342D4C660D2F50B8163DA1F803F240FD71C6D145,False,SOVEREIGN,0,0,False,
1786087672.104212,engram-node02,379,59D2531AD783BC740B50FE66342D4C660D2F50B8163DA1F803F240FD71C6D145,False,SOVEREIGN,0,0,False,
1786087672.1107478,engram-node03,379,59D2531AD783BC740B50FE66342D4C660D2F50B8163DA1F803F240FD71C6D145,False,SOVEREIGN,0,0,False,
1786087672.115809,engram-node04,379,59D2531AD783BC740B50FE66342D4C660D2F50B8163DA1F803F240FD71C6D145,False,SOVEREIGN,0,0,False,
1786087677.1222022,engram-node01,380,4E53A031AED8EAE9BD16A718104B04E00ED13F885FCB50FA463B311CFC97B36D,False,SOVEREIGN,0,0,False,
1786087677.131625,engram-node02,380,4E53A031AED8EAE9BD16A718104B04E00ED13F885FCB50FA463B311CFC97B36D,False,SOVEREIGN,0,0,False,
1786087677.138483,engram-node03,380,4E53A031AED8EAE9BD16A718104B04E00ED13F885FCB50FA463B311CFC97B36D,False,SOVEREIGN,0,0,False,
1786087677.143301,engram-node04,380,4E53A031AED8EAE9BD16A718104B04E00ED13F885FCB50FA463B311CFC97B36D,False,SOVEREIGN,0,0,False,
1786087682.1576371,engram-node01,381,6E13D0BB36BADFF054E3543D0270E226868684BDD8299FA020F5EDE8E08C6925,False,SOVEREIGN,0,0,False,
1786087682.162875,engram-node02,381,6E13D0BB36BADFF054E3543D0270E226868684BDD8299FA020F5EDE8E08C6925,False,SOVEREIGN,0,0,False,
1786087682.167864,engram-node03,381,6E13D0BB36BADFF054E3543D0270E226868684BDD8299FA020F5EDE8E08C6925,False,SOVEREIGN,0,0,False,
1786087682.172469,engram-node04,381,6E13D0BB36BADFF054E3543D0270E226868684BDD8299FA020F5EDE8E08C6925,False,SOVEREIGN,0,0,False,
1786087687.181943,engram-node01,382,580563CBC3189B8039618552ACF87256BC91E5532EDEF189F85F325ABE42BCD3,False,SOVEREIGN,0,0,False,
1786087687.193784,engram-node02,382,580563CBC3189B8039618552ACF87256BC91E5532EDEF189F85F325ABE42BCD3,False,SOVEREIGN,0,0,False,
1786087687.202122,engram-node03,382,580563CBC3189B8039618552ACF87256BC91E5532EDEF189F85F325ABE42BCD3,False,SOVEREIGN,0,0,False,
1786087687.209425,engram-node04,382,580563CBC3189B8039618552ACF87256BC91E5532EDEF189F85F325ABE42BCD3,False,SOVEREIGN,0,0,False,
1786087692.2196171,engram-node01,382,580563CBC3189B8039618552ACF87256BC91E5532EDEF189F85F325ABE42BCD3,False,SOVEREIGN,0,0,False,
1786087692.2302139,engram-node02,382,580563CBC3189B8039618552ACF87256BC91E5532EDEF189F85F325ABE42BCD3,False,SOVEREIGN,0,0,False,
1786087692.2370949,engram-node03,382,580563CBC3189B8039618552ACF87256BC91E5532EDEF189F85F325ABE42BCD3,False,SOVEREIGN,0,0,False,
1786087692.241925,engram-node04,382,580563CBC3189B8039618552ACF87256BC91E5532EDEF189F85F325ABE42BCD3,False,SOVEREIGN,0,0,False,
1786087697.249561,engram-node01,382,580563CBC3189B8039618552ACF87256BC91E5532EDEF189F85F325ABE42BCD3,False,SOVEREIGN,0,0,False,
1786087697.2597382,engram-node02,382,580563CBC3189B8039618552ACF87256BC91E5532EDEF189F85F325ABE42BCD3,False,SOVEREIGN,0,0,False,
1786087697.266732,engram-node03,382,580563CBC3189B8039618552ACF87256BC91E5532EDEF189F85F325ABE42BCD3,False,SOVEREIGN,0,0,False,
1786087697.271534,engram-node04,382,580563CBC3189B8039618552ACF87256BC91E5532EDEF189F85F325ABE42BCD3,False,SOVEREIGN,0,0,False,
1786087702.283572,engram-node01,382,580563CBC3189B8039618552ACF87256BC91E5532EDEF189F85F325ABE42BCD3,False,SOVEREIGN,0,0,False,
1786087702.288209,engram-node02,382,580563CBC3189B8039618552ACF87256BC91E5532EDEF189F85F325ABE42BCD3,False,SOVEREIGN,0,0,False,
1786087702.2914639,engram-node03,382,580563CBC3189B8039618552ACF87256BC91E5532EDEF189F85F325ABE42BCD3,False,SOVEREIGN,0,0,False,
1786087702.2946749,engram-node04,382,580563CBC3189B8039618552ACF87256BC91E5532EDEF189F85F325ABE42BCD3,False,SOVEREIGN,0,0,False,
1786087707.3008819,engram-node01,383,D2A5731E2E38772A3D9AE88B06E73E313A36DBCC87A9D8D5AF2BDA7D515165C1,False,SOVEREIGN,0,0,False,
1786087707.31165,engram-node02,383,D2A5731E2E38772A3D9AE88B06E73E313A36DBCC87A9D8D5AF2BDA7D515165C1,False,SOVEREIGN,0,0,False,
1786087707.318392,engram-node03,383,D2A5731E2E38772A3D9AE88B06E73E313A36DBCC87A9D8D5AF2BDA7D515165C1,False,SOVEREIGN,0,0,False,
1786087707.323734,engram-node04,383,D2A5731E2E38772A3D9AE88B06E73E313A36DBCC87A9D8D5AF2BDA7D515165C1,False,SOVEREIGN,0,0,False,
1786087712.3305469,engram-node01,383,D2A5731E2E38772A3D9AE88B06E73E313A36DBCC87A9D8D5AF2BDA7D515165C1,False,SOVEREIGN,0,0,False,
1786087712.340535,engram-node02,383,D2A5731E2E38772A3D9AE88B06E73E313A36DBCC87A9D8D5AF2BDA7D515165C1,False,SOVEREIGN,0,0,False,
1786087712.347639,engram-node03,383,D2A5731E2E38772A3D9AE88B06E73E313A36DBCC87A9D8D5AF2BDA7D515165C1,False,SOVEREIGN,0,0,False,
1786087712.352118,engram-node04,383,D2A5731E2E38772A3D9AE88B06E73E313A36DBCC87A9D8D5AF2BDA7D515165C1,False,SOVEREIGN,0,0,False,
1786087717.366855,engram-node01,384,5AD91BBA97E88D356EEFDB6EC955C62430296ECB963752FE2E4B46641683CB8E,False,SOVEREIGN,0,0,False,
1786087717.373617,engram-node02,384,5AD91BBA97E88D356EEFDB6EC955C62430296ECB963752FE2E4B46641683CB8E,False,SOVEREIGN,0,0,False,
1786087717.377723,engram-node03,384,5AD91BBA97E88D356EEFDB6EC955C62430296ECB963752FE2E4B46641683CB8E,False,SOVEREIGN,0,0,False,
1786087717.381634,engram-node04,384,5AD91BBA97E88D356EEFDB6EC955C62430296ECB963752FE2E4B46641683CB8E,False,SOVEREIGN,0,0,False,
1786087722.3871858,engram-node01,384,5AD91BBA97E88D356EEFDB6EC955C62430296ECB963752FE2E4B46641683CB8E,False,SOVEREIGN,0,0,False,
1786087722.398027,engram-node02,384,5AD91BBA97E88D356EEFDB6EC955C62430296ECB963752FE2E4B46641683CB8E,False,SOVEREIGN,0,0,False,
1786087722.403594,engram-node03,384,5AD91BBA97E88D356EEFDB6EC955C62430296ECB963752FE2E4B46641683CB8E,False,SOVEREIGN,0,0,False,
1786087722.533959,engram-node04,384,5AD91BBA97E88D356EEFDB6EC955C62430296ECB963752FE2E4B46641683CB8E,False,SOVEREIGN,0,0,False,
1786087727.54077,engram-node01,385,6DA216CE232FD31CEA0B38C7FCBAA464C6D97AFD16BAC04675BC6AC5F85A6A1E,False,SOVEREIGN,0,0,False,
1786087727.552511,engram-node02,385,6DA216CE232FD31CEA0B38C7FCBAA464C6D97AFD16BAC04675BC6AC5F85A6A1E,False,SOVEREIGN,0,0,False,
1786087727.559884,engram-node03,385,6DA216CE232FD31CEA0B38C7FCBAA464C6D97AFD16BAC04675BC6AC5F85A6A1E,False,SOVEREIGN,0,0,False,
1786087727.5652218,engram-node04,385,6DA216CE232FD31CEA0B38C7FCBAA464C6D97AFD16BAC04675BC6AC5F85A6A1E,False,SOVEREIGN,0,0,False,
1786087732.5795462,engram-node01,386,5BE9915ED6ADAEF60BEC8B8F3447FD3B662B20B674F41446ECECC11D2C547D3C,False,SOVEREIGN,0,0,False,
1786087732.5836952,engram-node02,386,5BE9915ED6ADAEF60BEC8B8F3447FD3B662B20B674F41446ECECC11D2C547D3C,False,SOVEREIGN,0,0,False,
1786087732.586875,engram-node03,386,5BE9915ED6ADAEF60BEC8B8F3447FD3B662B20B674F41446ECECC11D2C547D3C,False,SOVEREIGN,0,0,False,
1786087732.589947,engram-node04,386,5BE9915ED6ADAEF60BEC8B8F3447FD3B662B20B674F41446ECECC11D2C547D3C,False,SOVEREIGN,0,0,False,
1786087737.5939689,engram-node01,386,5BE9915ED6ADAEF60BEC8B8F3447FD3B662B20B674F41446ECECC11D2C547D3C,False,SOVEREIGN,0,0,False,
1786087737.604867,engram-node02,386,5BE9915ED6ADAEF60BEC8B8F3447FD3B662B20B674F41446ECECC11D2C547D3C,False,SOVEREIGN,0,0,False,
1786087737.612449,engram-node03,386,5BE9915ED6ADAEF60BEC8B8F3447FD3B662B20B674F41446ECECC11D2C547D3C,False,SOVEREIGN,0,0,False,
1786087737.6177542,engram-node04,386,5BE9915ED6ADAEF60BEC8B8F3447FD3B662B20B674F41446ECECC11D2C547D3C,False,SOVEREIGN,0,0,False,
1786087742.632685,engram-node01,386,5BE9915ED6ADAEF60BEC8B8F3447FD3B662B20B674F41446ECECC11D2C547D3C,False,SOVEREIGN,0,0,False,
1786087742.639445,engram-node02,386,5BE9915ED6ADAEF60BEC8B8F3447FD3B662B20B674F41446ECECC11D2C547D3C,False,SOVEREIGN,0,0,False,
1786087742.64462,engram-node03,386,5BE9915ED6ADAEF60BEC8B8F3447FD3B662B20B674F41446ECECC11D2C547D3C,False,SOVEREIGN,0,0,False,
1786087742.648866,engram-node04,386,5BE9915ED6ADAEF60BEC8B8F3447FD3B662B20B674F41446ECECC11D2C547D3C,False,SOVEREIGN,0,0,False,
1786087747.6593869,engram-node01,387,6FB7AC15F02FD9BC0323770BE9132979F0B8E92BA042A79C3F33AF8D4A326E60,False,SOVEREIGN,0,0,False,
1786087747.6641421,engram-node02,387,6FB7AC15F02FD9BC0323770BE9132979F0B8E92BA042A79C3F33AF8D4A326E60,False,SOVEREIGN,0,0,False,
1786087747.6695669,engram-node03,387,6FB7AC15F02FD9BC0323770BE9132979F0B8E92BA042A79C3F33AF8D4A326E60,False,SOVEREIGN,0,0,False,
1786087747.6739042,engram-node04,387,6FB7AC15F02FD9BC0323770BE9132979F0B8E92BA042A79C3F33AF8D4A326E60,False,SOVEREIGN,0,0,False,
1786087752.678535,engram-node01,387,6FB7AC15F02FD9BC0323770BE9132979F0B8E92BA042A79C3F33AF8D4A326E60,False,SOVEREIGN,0,0,False,
1786087752.6861281,engram-node02,387,6FB7AC15F02FD9BC0323770BE9132979F0B8E92BA042A79C3F33AF8D4A326E60,False,SOVEREIGN,0,0,False,
1786087752.6904168,engram-node03,387,6FB7AC15F02FD9BC0323770BE9132979F0B8E92BA042A79C3F33AF8D4A326E60,False,SOVEREIGN,0,0,False,
1786087752.6944268,engram-node04,387,6FB7AC15F02FD9BC0323770BE9132979F0B8E92BA042A79C3F33AF8D4A326E60,False,SOVEREIGN,0,0,False,
1786087757.699113,engram-node01,388,B0EDF4E2784CFA9F60BA04DCE2A0E2D66E6592B14FD8F9902F7DC26622F83CD9,False,SOVEREIGN,0,0,False,
1786087757.703004,engram-node02,388,B0EDF4E2784CFA9F60BA04DCE2A0E2D66E6592B14FD8F9902F7DC26622F83CD9,False,SOVEREIGN,0,0,False,
1786087757.705982,engram-node03,388,B0EDF4E2784CFA9F60BA04DCE2A0E2D66E6592B14FD8F9902F7DC26622F83CD9,False,SOVEREIGN,0,0,False,
1786087757.70859,engram-node04,388,B0EDF4E2784CFA9F60BA04DCE2A0E2D66E6592B14FD8F9902F7DC26622F83CD9,False,SOVEREIGN,0,0,False,
1786087762.711514,engram-node01,389,9443A89648515548C6EA1FC5AEA52CBB4876BCF86690E6509E0E0D1F6956656E,False,SOVEREIGN,0,0,False,
1786087762.720247,engram-node02,389,9443A89648515548C6EA1FC5AEA52CBB4876BCF86690E6509E0E0D1F6956656E,False,SOVEREIGN,0,0,False,
1786087762.7248168,engram-node03,389,9443A89648515548C6EA1FC5AEA52CBB4876BCF86690E6509E0E0D1F6956656E,False,SOVEREIGN,0,0,False,
1786087762.729286,engram-node04,389,9443A89648515548C6EA1FC5AEA52CBB4876BCF86690E6509E0E0D1F6956656E,False,SOVEREIGN,0,0,False,
1786087767.73596,engram-node01,389,9443A89648515548C6EA1FC5AEA52CBB4876BCF86690E6509E0E0D1F6956656E,False,SOVEREIGN,0,0,False,
1786087767.739719,engram-node02,389,9443A89648515548C6EA1FC5AEA52CBB4876BCF86690E6509E0E0D1F6956656E,False,SOVEREIGN,0,0,False,
1786087767.742354,engram-node03,389,9443A89648515548C6EA1FC5AEA52CBB4876BCF86690E6509E0E0D1F6956656E,False,SOVEREIGN,0,0,False,
1786087767.745101,engram-node04,389,9443A89648515548C6EA1FC5AEA52CBB4876BCF86690E6509E0E0D1F6956656E,False,SOVEREIGN,0,0,False,
1786087772.756572,engram-node01,390,36EEB1D49FB7A9535822928C7CDF1AD9E0C5FF0AC973245F59BE32D47C8BC256,False,SOVEREIGN,0,0,False,
1786087772.76787,engram-node02,390,36EEB1D49FB7A9535822928C7CDF1AD9E0C5FF0AC973245F59BE32D47C8BC256,False,SOVEREIGN,0,0,False,
1786087772.772966,engram-node03,390,36EEB1D49FB7A9535822928C7CDF1AD9E0C5FF0AC973245F59BE32D47C8BC256,False,SOVEREIGN,0,0,False,
1786087772.7770188,engram-node04,390,36EEB1D49FB7A9535822928C7CDF1AD9E0C5FF0AC973245F59BE32D47C8BC256,False,SOVEREIGN,0,0,False,
1786087777.7854311,engram-node01,390,36EEB1D49FB7A9535822928C7CDF1AD9E0C5FF0AC973245F59BE32D47C8BC256,False,SOVEREIGN,0,0,False,
1786087777.790163,engram-node02,390,36EEB1D49FB7A9535822928C7CDF1AD9E0C5FF0AC973245F59BE32D47C8BC256,False,SOVEREIGN,0,0,False,
1786087777.793667,engram-node03,390,36EEB1D49FB7A9535822928C7CDF1AD9E0C5FF0AC973245F59BE32D47C8BC256,False,SOVEREIGN,0,0,False,
1786087777.79691,engram-node04,390,36EEB1D49FB7A9535822928C7CDF1AD9E0C5FF0AC973245F59BE32D47C8BC256,False,SOVEREIGN,0,0,False,
1786087782.8040671,engram-node01,390,36EEB1D49FB7A9535822928C7CDF1AD9E0C5FF0AC973245F59BE32D47C8BC256,False,SOVEREIGN,0,0,False,
1786087782.8144908,engram-node02,390,36EEB1D49FB7A9535822928C7CDF1AD9E0C5FF0AC973245F59BE32D47C8BC256,False,SOVEREIGN,0,0,False,
1786087782.8217092,engram-node03,390,36EEB1D49FB7A9535822928C7CDF1AD9E0C5FF0AC973245F59BE32D47C8BC256,False,SOVEREIGN,0,0,False,
1786087782.827709,engram-node04,390,36EEB1D49FB7A9535822928C7CDF1AD9E0C5FF0AC973245F59BE32D47C8BC256,False,SOVEREIGN,0,0,False,
1786087787.833884,engram-node01,390,36EEB1D49FB7A9535822928C7CDF1AD9E0C5FF0AC973245F59BE32D47C8BC256,False,SOVEREIGN,0,0,False,
1786087787.837966,engram-node02,390,36EEB1D49FB7A9535822928C7CDF1AD9E0C5FF0AC973245F59BE32D47C8BC256,False,SOVEREIGN,0,0,False,
1786087787.841462,engram-node03,390,36EEB1D49FB7A9535822928C7CDF1AD9E0C5FF0AC973245F59BE32D47C8BC256,False,SOVEREIGN,0,0,False,
1786087787.844481,engram-node04,390,36EEB1D49FB7A9535822928C7CDF1AD9E0C5FF0AC973245F59BE32D47C8BC256,False,SOVEREIGN,0,0,False,
1786087792.856527,engram-node01,391,E226405A800FC4EF764B508EC2FEA004B645CE54CDEB0C2411D4C39FE2CC5459,False,SOVEREIGN,0,0,False,
1786087792.864287,engram-node02,391,E226405A800FC4EF764B508EC2FEA004B645CE54CDEB0C2411D4C39FE2CC5459,False,SOVEREIGN,0,0,False,
1786087792.869637,engram-node03,391,E226405A800FC4EF764B508EC2FEA004B645CE54CDEB0C2411D4C39FE2CC5459,False,SOVEREIGN,0,0,False,
1786087792.873732,engram-node04,391,E226405A800FC4EF764B508EC2FEA004B645CE54CDEB0C2411D4C39FE2CC5459,False,SOVEREIGN,0,0,False,
1786087797.888389,engram-node01,391,E226405A800FC4EF764B508EC2FEA004B645CE54CDEB0C2411D4C39FE2CC5459,False,SOVEREIGN,0,0,False,
1786087797.894469,engram-node02,391,E226405A800FC4EF764B508EC2FEA004B645CE54CDEB0C2411D4C39FE2CC5459,False,SOVEREIGN,0,0,False,
1786087797.898698,engram-node03,391,E226405A800FC4EF764B508EC2FEA004B645CE54CDEB0C2411D4C39FE2CC5459,False,SOVEREIGN,0,0,False,
1786087797.902602,engram-node04,391,E226405A800FC4EF764B508EC2FEA004B645CE54CDEB0C2411D4C39FE2CC5459,False,SOVEREIGN,0,0,False,
1786087802.9149241,engram-node01,391,E226405A800FC4EF764B508EC2FEA004B645CE54CDEB0C2411D4C39FE2CC5459,False,SOVEREIGN,0,0,False,
1786087802.924887,engram-node02,391,E226405A800FC4EF764B508EC2FEA004B645CE54CDEB0C2411D4C39FE2CC5459,False,SOVEREIGN,0,0,False,
1786087802.932157,engram-node03,391,E226405A800FC4EF764B508EC2FEA004B645CE54CDEB0C2411D4C39FE2CC5459,False,SOVEREIGN,0,0,False,
1786087802.937703,engram-node04,391,E226405A800FC4EF764B508EC2FEA004B645CE54CDEB0C2411D4C39FE2CC5459,False,SOVEREIGN,0,0,False,
1786087807.947648,engram-node01,391,E226405A800FC4EF764B508EC2FEA004B645CE54CDEB0C2411D4C39FE2CC5459,False,SOVEREIGN,0,0,False,
1786087807.9582589,engram-node02,391,E226405A800FC4EF764B508EC2FEA004B645CE54CDEB0C2411D4C39FE2CC5459,False,SOVEREIGN,0,0,False,
1786087807.965169,engram-node03,391,E226405A800FC4EF764B508EC2FEA004B645CE54CDEB0C2411D4C39FE2CC5459,False,SOVEREIGN,0,0,False,
1786087807.970366,engram-node04,391,E226405A800FC4EF764B508EC2FEA004B645CE54CDEB0C2411D4C39FE2CC5459,False,SOVEREIGN,0,0,False,
1786087812.97996,engram-node01,391,E226405A800FC4EF764B508EC2FEA004B645CE54CDEB0C2411D4C39FE2CC5459,False,SOVEREIGN,0,0,False,
1786087812.985943,engram-node02,391,E226405A800FC4EF764B508EC2FEA004B645CE54CDEB0C2411D4C39FE2CC5459,False,SOVEREIGN,0,0,False,
1786087812.9928782,engram-node03,391,E226405A800FC4EF764B508EC2FEA004B645CE54CDEB0C2411D4C39FE2CC5459,False,SOVEREIGN,0,0,False,
1786087812.996329,engram-node04,391,E226405A800FC4EF764B508EC2FEA004B645CE54CDEB0C2411D4C39FE2CC5459,False,SOVEREIGN,0,0,False,
1786087818.0018299,engram-node01,391,E226405A800FC4EF764B508EC2FEA004B645CE54CDEB0C2411D4C39FE2CC5459,False,SOVEREIGN,0,0,False,
1786087818.0074,engram-node02,391,E226405A800FC4EF764B508EC2FEA004B645CE54CDEB0C2411D4C39FE2CC5459,False,SOVEREIGN,0,0,False,
1786087818.010819,engram-node03,391,E226405A800FC4EF764B508EC2FEA004B645CE54CDEB0C2411D4C39FE2CC5459,False,SOVEREIGN,0,0,False,
1786087818.013712,engram-node04,391,E226405A800FC4EF764B508EC2FEA004B645CE54CDEB0C2411D4C39FE2CC5459,False,SOVEREIGN,0,0,False,
1786087823.022371,engram-node01,391,E226405A800FC4EF764B508EC2FEA004B645CE54CDEB0C2411D4C39FE2CC5459,False,SOVEREIGN,0,0,False,
1786087823.032952,engram-node02,391,E226405A800FC4EF764B508EC2FEA004B645CE54CDEB0C2411D4C39FE2CC5459,False,SOVEREIGN,0,0,False,
1786087823.041318,engram-node03,391,E226405A800FC4EF764B508EC2FEA004B645CE54CDEB0C2411D4C39FE2CC5459,False,SOVEREIGN,0,0,False,
1786087823.04628,engram-node04,391,E226405A800FC4EF764B508EC2FEA004B645CE54CDEB0C2411D4C39FE2CC5459,False,SOVEREIGN,0,0,False,
1786087828.060195,engram-node01,391,E226405A800FC4EF764B508EC2FEA004B645CE54CDEB0C2411D4C39FE2CC5459,False,SOVEREIGN,0,0,False,
1786087828.065315,engram-node02,391,E226405A800FC4EF764B508EC2FEA004B645CE54CDEB0C2411D4C39FE2CC5459,False,SOVEREIGN,0,0,False,
1786087828.0710511,engram-node03,391,E226405A800FC4EF764B508EC2FEA004B645CE54CDEB0C2411D4C39FE2CC5459,False,SOVEREIGN,0,0,False,
1786087828.076766,engram-node04,391,E226405A800FC4EF764B508EC2FEA004B645CE54CDEB0C2411D4C39FE2CC5459,False,SOVEREIGN,0,0,False,
1786087833.088314,engram-node01,391,E226405A800FC4EF764B508EC2FEA004B645CE54CDEB0C2411D4C39FE2CC5459,False,SOVEREIGN,0,0,False,
1786087833.099148,engram-node02,391,E226405A800FC4EF764B508EC2FEA004B645CE54CDEB0C2411D4C39FE2CC5459,False,SOVEREIGN,0,0,False,
1786087833.104193,engram-node03,391,E226405A800FC4EF764B508EC2FEA004B645CE54CDEB0C2411D4C39FE2CC5459,False,SOVEREIGN,0,0,False,
1786087833.10949,engram-node04,391,E226405A800FC4EF764B508EC2FEA004B645CE54CDEB0C2411D4C39FE2CC5459,False,SOVEREIGN,0,0,False,
1786087838.11769,engram-node01,391,E226405A800FC4EF764B508EC2FEA004B645CE54CDEB0C2411D4C39FE2CC5459,False,SOVEREIGN,0,0,False,
1786087838.128151,engram-node02,391,E226405A800FC4EF764B508EC2FEA004B645CE54CDEB0C2411D4C39FE2CC5459,False,SOVEREIGN,0,0,False,
1786087838.133683,engram-node03,391,E226405A800FC4EF764B508EC2FEA004B645CE54CDEB0C2411D4C39FE2CC5459,False,SOVEREIGN,0,0,False,
1786087838.138544,engram-node04,391,E226405A800FC4EF764B508EC2FEA004B645CE54CDEB0C2411D4C39FE2CC5459,False,SOVEREIGN,0,0,False,
1786087843.151233,engram-node01,391,E226405A800FC4EF764B508EC2FEA004B645CE54CDEB0C2411D4C39FE2CC5459,False,SOVEREIGN,0,0,False,
1786087843.1619542,engram-node02,391,E226405A800FC4EF764B508EC2FEA004B645CE54CDEB0C2411D4C39FE2CC5459,False,SOVEREIGN,0,0,False,
1786087843.16721,engram-node03,391,E226405A800FC4EF764B508EC2FEA004B645CE54CDEB0C2411D4C39FE2CC5459,False,SOVEREIGN,0,0,False,
1786087843.1719549,engram-node04,391,E226405A800FC4EF764B508EC2FEA004B645CE54CDEB0C2411D4C39FE2CC5459,False,SOVEREIGN,0,0,False,
1786087848.1767008,engram-node01,391,E226405A800FC4EF764B508EC2FEA004B645CE54CDEB0C2411D4C39FE2CC5459,False,SOVEREIGN,0,0,False,
1786087848.188354,engram-node02,391,E226405A800FC4EF764B508EC2FEA004B645CE54CDEB0C2411D4C39FE2CC5459,False,SOVEREIGN,0,0,False,
1786087848.195801,engram-node03,391,E226405A800FC4EF764B508EC2FEA004B645CE54CDEB0C2411D4C39FE2CC5459,False,SOVEREIGN,0,0,False,
1786087848.201547,engram-node04,391,E226405A800FC4EF764B508EC2FEA004B645CE54CDEB0C2411D4C39FE2CC5459,False,SOVEREIGN,0,0,False,
1786087853.208831,engram-node01,391,E226405A800FC4EF764B508EC2FEA004B645CE54CDEB0C2411D4C39FE2CC5459,False,SOVEREIGN,0,0,False,
1786087853.2194078,engram-node02,391,E226405A800FC4EF764B508EC2FEA004B645CE54CDEB0C2411D4C39FE2CC5459,False,SOVEREIGN,0,0,False,
1786087853.227021,engram-node03,391,E226405A800FC4EF764B508EC2FEA004B645CE54CDEB0C2411D4C39FE2CC5459,False,SOVEREIGN,0,0,False,
1786087853.2329128,engram-node04,391,E226405A800FC4EF764B508EC2FEA004B645CE54CDEB0C2411D4C39FE2CC5459,False,SOVEREIGN,0,0,False,
1786087858.2467809,engram-node01,391,E226405A800FC4EF764B508EC2FEA004B645CE54CDEB0C2411D4C39FE2CC5459,False,SOVEREIGN,0,0,False,
1786087858.2563891,engram-node02,391,E226405A800FC4EF764B508EC2FEA004B645CE54CDEB0C2411D4C39FE2CC5459,False,SOVEREIGN,0,0,False,
1786087858.264108,engram-node03,391,E226405A800FC4EF764B508EC2FEA004B645CE54CDEB0C2411D4C39FE2CC5459,False,SOVEREIGN,0,0,False,
1786087858.2698739,engram-node04,391,E226405A800FC4EF764B508EC2FEA004B645CE54CDEB0C2411D4C39FE2CC5459,False,SOVEREIGN,0,0,False,
1786087863.284467,engram-node01,391,E226405A800FC4EF764B508EC2FEA004B645CE54CDEB0C2411D4C39FE2CC5459,False,SOVEREIGN,0,0,False,
1786087863.294389,engram-node02,391,E226405A800FC4EF764B508EC2FEA004B645CE54CDEB0C2411D4C39FE2CC5459,False,SOVEREIGN,0,0,False,
1786087863.300575,engram-node03,391,E226405A800FC4EF764B508EC2FEA004B645CE54CDEB0C2411D4C39FE2CC5459,False,SOVEREIGN,0,0,False,
1786087863.305422,engram-node04,391,E226405A800FC4EF764B508EC2FEA004B645CE54CDEB0C2411D4C39FE2CC5459,False,SOVEREIGN,0,0,False,
1786087868.3102012,engram-node01,391,E226405A800FC4EF764B508EC2FEA004B645CE54CDEB0C2411D4C39FE2CC5459,False,SOVEREIGN,0,0,False,
1786087868.3195179,engram-node02,391,E226405A800FC4EF764B508EC2FEA004B645CE54CDEB0C2411D4C39FE2CC5459,False,SOVEREIGN,0,0,False,
1786087868.3263848,engram-node03,391,E226405A800FC4EF764B508EC2FEA004B645CE54CDEB0C2411D4C39FE2CC5459,False,SOVEREIGN,0,0,False,
1786087868.330809,engram-node04,391,E226405A800FC4EF764B508EC2FEA004B645CE54CDEB0C2411D4C39FE2CC5459,False,SOVEREIGN,0,0,False,
1786087873.335573,engram-node01,392,66D79DFDDC95C27810BC3A17DCB68120BE4FAAF26B488515949F83618CECBD2C,False,SOVEREIGN,0,0,False,
1786087873.341953,engram-node02,392,66D79DFDDC95C27810BC3A17DCB68120BE4FAAF26B488515949F83618CECBD2C,False,SOVEREIGN,0,0,False,
1786087873.346909,engram-node03,392,66D79DFDDC95C27810BC3A17DCB68120BE4FAAF26B488515949F83618CECBD2C,False,SOVEREIGN,0,0,False,
1786087873.351391,engram-node04,392,66D79DFDDC95C27810BC3A17DCB68120BE4FAAF26B488515949F83618CECBD2C,False,SOVEREIGN,0,0,False,
1786087878.360469,engram-node01,392,66D79DFDDC95C27810BC3A17DCB68120BE4FAAF26B488515949F83618CECBD2C,False,SOVEREIGN,0,0,False,
1786087878.3721669,engram-node02,392,66D79DFDDC95C27810BC3A17DCB68120BE4FAAF26B488515949F83618CECBD2C,False,SOVEREIGN,0,0,False,
1786087878.378391,engram-node03,392,66D79DFDDC95C27810BC3A17DCB68120BE4FAAF26B488515949F83618CECBD2C,False,SOVEREIGN,0,0,False,
1786087878.383426,engram-node04,392,66D79DFDDC95C27810BC3A17DCB68120BE4FAAF26B488515949F83618CECBD2C,False,SOVEREIGN,0,0,False,
1786087883.388544,engram-node01,392,66D79DFDDC95C27810BC3A17DCB68120BE4FAAF26B488515949F83618CECBD2C,False,SOVEREIGN,0,0,False,
1786087883.400275,engram-node02,392,66D79DFDDC95C27810BC3A17DCB68120BE4FAAF26B488515949F83618CECBD2C,False,SOVEREIGN,0,0,False,
1786087883.405386,engram-node03,392,66D79DFDDC95C27810BC3A17DCB68120BE4FAAF26B488515949F83618CECBD2C,False,SOVEREIGN,0,0,False,
1786087883.410033,engram-node04,392,66D79DFDDC95C27810BC3A17DCB68120BE4FAAF26B488515949F83618CECBD2C,False,SOVEREIGN,0,0,False,
1786087888.4221702,engram-node01,392,66D79DFDDC95C27810BC3A17DCB68120BE4FAAF26B488515949F83618CECBD2C,False,SOVEREIGN,0,0,False,
1786087888.434272,engram-node02,392,66D79DFDDC95C27810BC3A17DCB68120BE4FAAF26B488515949F83618CECBD2C,False,SOVEREIGN,0,0,False,
1786087888.4400692,engram-node03,392,66D79DFDDC95C27810BC3A17DCB68120BE4FAAF26B488515949F83618CECBD2C,False,SOVEREIGN,0,0,False,
1786087888.444927,engram-node04,392,66D79DFDDC95C27810BC3A17DCB68120BE4FAAF26B488515949F83618CECBD2C,False,SOVEREIGN,0,0,False,
1786087893.453992,engram-node01,392,66D79DFDDC95C27810BC3A17DCB68120BE4FAAF26B488515949F83618CECBD2C,False,SOVEREIGN,0,0,False,
1786087893.4638011,engram-node02,392,66D79DFDDC95C27810BC3A17DCB68120BE4FAAF26B488515949F83618CECBD2C,False,SOVEREIGN,0,0,False,
1786087893.4688158,engram-node03,392,66D79DFDDC95C27810BC3A17DCB68120BE4FAAF26B488515949F83618CECBD2C,False,SOVEREIGN,0,0,False,
1786087893.4732952,engram-node04,392,66D79DFDDC95C27810BC3A17DCB68120BE4FAAF26B488515949F83618CECBD2C,False,SOVEREIGN,0,0,False,
1786087898.484318,engram-node01,392,66D79DFDDC95C27810BC3A17DCB68120BE4FAAF26B488515949F83618CECBD2C,False,SOVEREIGN,0,0,False,
1786087898.494741,engram-node02,392,66D79DFDDC95C27810BC3A17DCB68120BE4FAAF26B488515949F83618CECBD2C,False,SOVEREIGN,0,0,False,
1786087898.502225,engram-node03,392,66D79DFDDC95C27810BC3A17DCB68120BE4FAAF26B488515949F83618CECBD2C,False,SOVEREIGN,0,0,False,
1786087898.5072799,engram-node04,392,66D79DFDDC95C27810BC3A17DCB68120BE4FAAF26B488515949F83618CECBD2C,False,SOVEREIGN,0,0,False,
1786087903.5152068,engram-node01,392,66D79DFDDC95C27810BC3A17DCB68120BE4FAAF26B488515949F83618CECBD2C,False,SOVEREIGN,0,0,False,
1786087903.5254521,engram-node02,392,66D79DFDDC95C27810BC3A17DCB68120BE4FAAF26B488515949F83618CECBD2C,False,SOVEREIGN,0,0,False,
1786087903.5338712,engram-node03,392,66D79DFDDC95C27810BC3A17DCB68120BE4FAAF26B488515949F83618CECBD2C,False,SOVEREIGN,0,0,False,
1786087903.53902,engram-node04,392,66D79DFDDC95C27810BC3A17DCB68120BE4FAAF26B488515949F83618CECBD2C,False,SOVEREIGN,0,0,False,
1786087908.546361,engram-node01,392,66D79DFDDC95C27810BC3A17DCB68120BE4FAAF26B488515949F83618CECBD2C,False,SOVEREIGN,0,0,False,
1786087908.5565708,engram-node02,392,66D79DFDDC95C27810BC3A17DCB68120BE4FAAF26B488515949F83618CECBD2C,False,SOVEREIGN,0,0,False,
1786087908.564377,engram-node03,392,66D79DFDDC95C27810BC3A17DCB68120BE4FAAF26B488515949F83618CECBD2C,False,SOVEREIGN,0,0,False,
1786087908.569909,engram-node04,392,66D79DFDDC95C27810BC3A17DCB68120BE4FAAF26B488515949F83618CECBD2C,False,SOVEREIGN,0,0,False,
1786087913.583144,engram-node01,392,66D79DFDDC95C27810BC3A17DCB68120BE4FAAF26B488515949F83618CECBD2C,False,SOVEREIGN,0,0,False,
1786087913.589818,engram-node02,392,66D79DFDDC95C27810BC3A17DCB68120BE4FAAF26B488515949F83618CECBD2C,False,SOVEREIGN,0,0,False,
1786087913.595382,engram-node03,392,66D79DFDDC95C27810BC3A17DCB68120BE4FAAF26B488515949F83618CECBD2C,False,SOVEREIGN,0,0,False,
1786087913.601249,engram-node04,392,66D79DFDDC95C27810BC3A17DCB68120BE4FAAF26B488515949F83618CECBD2C,False,SOVEREIGN,0,0,False,
1786087918.61613,engram-node01,392,66D79DFDDC95C27810BC3A17DCB68120BE4FAAF26B488515949F83618CECBD2C,False,SOVEREIGN,0,0,False,
1786087918.6273239,engram-node02,392,66D79DFDDC95C27810BC3A17DCB68120BE4FAAF26B488515949F83618CECBD2C,False,SOVEREIGN,0,0,False,
1786087918.63319,engram-node03,392,66D79DFDDC95C27810BC3A17DCB68120BE4FAAF26B488515949F83618CECBD2C,False,SOVEREIGN,0,0,False,
1786087918.638039,engram-node04,392,66D79DFDDC95C27810BC3A17DCB68120BE4FAAF26B488515949F83618CECBD2C,False,SOVEREIGN,0,0,False,
1786087923.650369,engram-node01,392,66D79DFDDC95C27810BC3A17DCB68120BE4FAAF26B488515949F83618CECBD2C,False,SOVEREIGN,0,0,False,
1786087923.662913,engram-node02,392,66D79DFDDC95C27810BC3A17DCB68120BE4FAAF26B488515949F83618CECBD2C,False,SOVEREIGN,0,0,False,
1786087923.670269,engram-node03,392,66D79DFDDC95C27810BC3A17DCB68120BE4FAAF26B488515949F83618CECBD2C,False,SOVEREIGN,0,0,False,
1786087923.67589,engram-node04,392,66D79DFDDC95C27810BC3A17DCB68120BE4FAAF26B488515949F83618CECBD2C,False,SOVEREIGN,0,0,False,
